GPA,GMAT
3.8494762909305935,775.4529524453969
2.0605948690799396,352.7831148602815
2.1274625981892354,561.3099355183791
1.6916251022750632,553.9134774397901
3.242326103459743,736.0523330802525
0.7087690424957735,468.01304792231633
3.945849411373184,579.3086150939478
1.9410344792839176,494.6569898494354
2.805231276845679,605.0656496058712
2.3505036996180717,669.9378256458987
