overall,reviewText,summary
5.0,excelente,Five Stars
1.0,"The graphics are terrible and the game is slow and difficult to get around. The game in general is unique in it's own messed up way, but it could have been better. I wasn't digging the 3 dimensional thing going on and the slowness of how the characters moved.",This game sucks
5.0,great game it has a lot to offer if you're a fan of infamous ! Second Son didn't give it all it could and with First Light it helps,Another helping hand of Second Son
5.0,This is a great game lots of twists and turns and with a good storyline.,Five Stars
5.0,Great game lots of replay value. Graphics are not that great for PS4 but the game is really fun.,Five Stars
5.0,"I laughed from nostalgia when I saw they were releasing this. I remembered Digimon from when I was a kid and assumed the series had gone away. Having played this, let me tell you, I'm glad it didn't.

Pros:
- The story is surprisingly enjoyable and keeps me coming back for more.
- The gameplay is really fun. I enjoy the throwback turn-based battles and strategy.
- Graphics are top notch! Solid framerate, full HD, the game is simply beautiful
- Art direction is great. I feel like I'm playing the original cartoon in real time.

No cons at all. If you're a fan of RPG's and want a fun time, this is a must-have!",Tons of fun!
3.0,"While this game offers new objects and the ability to become a celebrity yourself I was slightly disappointed with it.
Some may recall The Sims: Urbz which used not only music from The Black Eyed Peas, but also the likenesses of the band's members; which is sort of what I was expecting here, but with different celeb likenesses.
I was also disappointed about the clubs in the game: no one is ever in them!  One of the big hints/cheats is to read the newspaper each day for celeb sightings/party info...okay, but still maybe a couple sims are actually at the location.
Mainly...if you choose to become a celeb yourself, you're going to need to make connections.  Get your charisma up, as well as a creative skill: guitar, painting, writing.  It makes it easier to have one REALLY good skill than all mediocre skills, because you can use the social option of ""brag about skill"" to a celeb and possibly become part of their social circle.
If you're not interested in getting one of the conventional jobs in the game...that's usually how you meet people and gain contacts, then be sure to get Sims Ambitions to use with Late Night.  Ambitions will give you ""professions"" and also the option of working from home; the work from home option is a good way to increase your skills, while still making some money.
Overall Late Night is a so-so expansion pack.  If you're a hardcore Sims fan it's a good deal, if you're a casual gamer, then maybe not.  I myself am not a hardcore fan, though I am a fan of the franchise and it's just fun to play God.",Slightly less than expected.
4.0,"I was looking for a replacement mouse, specifically one with adjustable DPI and a sturdy feel. I've been using a Microsoft Trackball mouse for years and although it is great I am now seeing the weakness when it comes to gaming. I also was using a Microsoft 4000 Bluetooth mouth, but the jittery response and sporadic battery life before charges left me wanting more.

I narrowed down my selection to this mouse, but admit I've never heard of Perixx. I saw that they were a German company and received decent reviews so gave them a shot.

Pros:
Nice sized mouse
DPI settings on the fly
Weights to add to the feel of the mouse comes in nice tin can
responsive and programmable extra buttons.
Scroll wheel is responsive without being overly sensitive

Cons:
Not too much to gripe about...but I thought they could've put a little more contour into the right side of the mouse where your ring and pinky finger rest.  Sometimes, even though I have big hands, I felt like it made me almost have to grip the mouse when I'm used to letting my hand lay easily over other mice. Not that big a deal though.
Cord is crimped a bit but that is all aesthetics.
Getting the weights out of their tin can and into the bottom can be a pain because of how tight the cushioning is.

After playing Far Cry 3, Battlefield 3 and Alan Wake, I found the mouse comfortable to use (minus the awkward shape of the right side) and responsive enough for FPS.  It might not cost a whole lot like Logitech or RAZR but it does what it is supposed to do. The software that comes with it is easy to use and should work on windows 7 or 8. I recommend this for anyone who is looking for a wired gaming mouse with adjustable weights and dpi but don't want to spend over $50 just for a name brand.",Large and affordable gaming mice
1.0,What are you thinking?,One Star
5.0,"Grandson loves it!  wanted it!  got it! LOVES SANTA FOR IT!  I wouldnt personally know if it was good or not....  totally out of my playing realm!  but, he loves it!",SANTA WAS A BIG HIT!
5.0,This was gotten for someone who owns a gamecube .  It was given as a Christmas gift this past Christmas and the person just loves it.  The game play is what great for those of you who are into this type of game,plays like a dream
5.0,"Really fun video with a good story. If you're a fan of the other paper Mario games, then you'll definitely love this twist of a game. And if this is your first paper Mario game, still a good one to start with","Really fun, paper Mario does it again!"
3.0,"Ok racing game, its more about the modding cause the driving programminf for the physics sucks as well as the BS mph rating you driving at like 60 mph and it says u at like 140 they need to fix the realizsm oh that sh1t",bad driving physics great mod abil
5.0,I love this game playit all the time,Five Stars
5.0,"I love these cute little guys, they are the perfect amiibo! They are about the same size as the other amiibos, but plush. They also have a little cloth hook on their heads so you could theoretically use them as a keychain if you wanted, though for the price people are paying for these I don't think that would be smart.

The price I paid was fair, even though importing takes time, it is worth it! It definitely beats the hassle of trying to find these once they hit store shelves.

All in all, really cute, and definitely one of the better amiibos on the market.",Importing beats fighting scalpers for them!
5.0,Excellent!!! Thank you!!! A++++++,Five Stars
5.0,"I get really bored with reading complaints about how short this game is or what its lacking.  Unless you're a terrific FPS player with tons of time on your hands who can zip through a game in a few hours, Homefront fits my idea of a challenging and fun-to-play FPS.  Like most people, I play for relaxation, maybe 30 - 60 minutes a day.  It might take me several sessions to figure out a problem before I can move on.  I've never been able to treat any FPS like a drive through at a fast food joint.  I like to admire the action, take in the graphics, problem solve just like real life.  Based on that, I like Homefront a lot and hope that THQ makes a sequal because the battle may be won but the war continues.  So, don't look at it for what it doesn't have but for the realistic enjoyment of the action.  After all, that's really why you buy any game, right?","Play it for the fun, not for what you think it needs!"
5.0,"My 7 year-old son got this for his birthday. He loves it. It is 5 games in one, and keeps him active. I have also enjoyed playing with him.",FUN!!
4.0,My son like it... Plus I like to see old cats like Ricky Steamboat & Randy Macho Man Savage do their thing along with the Ultimate Warrior I wish he was on WWE 13.,Awesome....
5.0,I like  this James Bond,I like this James Bond
5.0,Outstanding! Everything as expected,Five Stars
5.0,I've had 4 of these and it's definitely a great system. A great console for any serious gamer.,Great!
5.0,"4.7/5 (Rounded it up to 5 stars)

I'm the not the biggest fan of the series and have only play a handful of the games, so my rating isn't on the game series but as a single game. Honestly, I was surprised on how much I even liked this game since i've tried to play FFX & FFXIII but honestly hated them but its the open world concept that really helps make this game decent. There are definitely a few major issues with this game but im willing to overlook them since the game is quite well done.

Pros:
Open World (It was needed to compete other modern game series these days)
Battle Style ( decent and makes sense, minus a few glitchy boss battles)
Character development! (it really creates the story of you and your friends)
Sides Quests! (so many)
Beautiful Game Graphics
Interesting Characters (had a few gems as far as characters go)
Interactions with the world around Notics
Day/Night
Activities (not really side quests but the little things you can do in your spare time)

Cons:
Main Story (Very typical and could have used more work)
Boss Battles (crappy camera work)
Magic (this is more of a personal thing, but the magic system was a miss for me)
Lunafreya (Yes! She is literally a con for me because i couldn't stand her..  she had no depth as a character and was SO typical)",One of the better FF games
5.0,"As always, Mario games looks fun but always challenging. Mario Galaxy is very very creative. Each levels are unique in its own ways. This is a must for every Wii owner.",Great game!
5.0,even though these are for xbone i actually installed them in my ps4 controller since the original ones were wearing out.. works great.,works great.
5.0,"In the Box you will find the Shield TV, Shield Controller, USB cable, Power Cable, and HDMI cable. I added a 64GB Micro SD card and was able to set the apps to be automatically pushed to it.

I got hung up during the initial setup when it came to the firmware upgrade. It downloaded and my screen went blank after install. I hit the forums and found that if you have the Shield TV plugged into a HDMI 2.0 port on initial setup there is currently a bug that will cause this. The remedy is to power off the Shield TV and then plug it back into a HDMI 1.4 port. After doing this it finished up and was working. I was then able to move back to the HDMI 2.0 port.

This is the fastest streaming box I have used yet. Navigating menus, launching apps, and starting streams are all very fast. I ended up removing my Roku 3 and Chromecast because I was so happy with it. It has become the primary streaming device in my living room. It doesn't currently have Vudu or Amazon Streaming services but I am able us use my PS4 for those services. I am also able to cast to the Shield TV like a Chromecast from my phone allowing me to use that as well.

I also am able to use the Nvidia Gamestream feature to stream games from my PC that has a Nvidia graphics card. I have been playing Fallout 4 in the living room streamed from the PC and it has been working very well for me. I should note that I am using hard wired Gigabit Ethernet connections on each device.

I got the bundle with the free remote and honestly this is the way they should be by default. In my opinion the remote is pretty much a must have if you are going to be using this in your living room.

Overall I think this is a great box that does many things and does most of them pretty well. In my experience no streaming box does everything perfectly but this one works really well and I'd recommend it.",Great streaming box for your living room
5.0,THIS IS THE BEST SCIFI GAME TO COME OUT SINCE STARWARS IN THE ARCADE. PURE SCIFI ACTION THAT IS 100% ORIGINAL AND SATISFYING.,Ah the memories
4.0,Can't beat arcade mode. Can only get to about the 5th guy then I get owned every time. Just like in the olden days in Pizza Hut. Great game though probably not the best version but fun. Music is pretty good. Never had any issues with the cartridge. If your collecting for the Genesis pick it up. If not you got a lot choices.,Ippon!
3.0,"I'm not too crazy about the shortened timeline in this one. You basically finish one way to save the homeland, then restart the game with your possessions intact to finish another quest. It feels a little rushed. I still enjoyed it though.",A little short.
5.0,"Logitech are pretty good at what they do, I don't know how the other manufacturers are keeping up with them when it comes to mice. It's amazingly ergonomic and easy to use, very precise as well - can't be more pleased with this mouse.",Logitech are pretty good at what they do
3.0,"I have bought several games before from Amazon, but most of them have been on a disk for a reason, I live deep in the woods of MO and our ISP is limited to a very slow 1.5 MG DL speed ( on a good day ) and several years of buying many games from Steam digitally has taught me to go for the disk every chance I get.  However, that is getting tougher to do as the years go by it seems.

At any rate, as far as the game, I cannot offer that much feedback, cause I actually STINK at 3rd person games ( and don't exactly excel at my favorite, the 1st person shooters ) so I am pretty much stuck early in the game, I can say that it is more difficult than the other games I have played in recent years, and I am not crazy about the infrequent save points the game sets, but it sure is purty :)

But, be warned, if you do not have a great ISP with a solid connection, you may have another birthday pass you by before this monster gets done downloading!  It took me a solid SEVEN DAYS at a near 24/7 to complete it.  I learned a week latter that it is the second largest game to date, so heads up folks, better have a fast ISP or you need to break out another computer to use.....for a long time while you have yours tied up with this MASSIVE download!",Better have a great ISP.....
5.0,AWESOME,Five Stars
1.0,"Awful could not play it for more than 10 minutes, trade it for GTA V.",One Star
5.0,nice,Five Stars
4.0,"Being the first of my friends to get the Wii I knew that it would be traveling so I decided to be proactive and get a travel case right away.

After reading several reviews I decided on the Pro Gamer's Case because I wanted something that could take abuse and still keep the Wii safe.  I chose well.

The Wii fits snuggly in one section and has a velcro strap to hold it in place.  I can get it out with one finger (the Wii has one corner cut off possibly just for this reason) but my friend had to use a pen to get it out because he has big fingers, another reviewer suggested placing a ribbon under the console which I think is a perfect solution.

Beyond its tough exterior and surprising light weight, the sensor bar holder is my favorite feature, I don't worry at all about it getting damaged because it is neatly tucked away, a simple but smart addition on the part of the designers.

The case holds the Wii, power source, sensor bar, 2 remotes, 2 nunchucks and 6 games in their cases.  If I put the games in a soft case I could fit 4 remotes and 4 nunchucks.  I don't use the Wii stand.

Con:
It could be slightly bigger to accomodate a little padding inside in case you drop it.

Overall, I think it's a great case for storing and transporting the Wii.

I paid $35.99 at Amazon which I think is pricey but I needed it right away.",A durable and solid option for transporting the Wii
5.0,"One of the best games to be released on the previous gen. I have probably played all the Bioshocks including dlc, like 10 times each. One of my most favorite franchises ever. The magic of the underwater world and what lies in wake is an awesome draw to this series. Perks, weapon upgrades, the plasmids and tonics and the story line, narative, characters are so fleshed out and in the environment... all the amazing things in this game!!! If you haven't played Bioshock, then you haven't experienced previous gen gaming. I stand by these words... with a metal daddy beside. Ok here goes the overused phrase I'm doing it anyway now.... ""would ya kindly"" get this game because it is insane. 6/5 stars if I could give it.",Best of the best.
5.0,good,Five Stars
5.0,Arrived in great condition and is so far a fun game!,Five Stars
5.0,"Let me start by saying that before the Movie - The Great Gatsby, there was a book called The Great Gatsby written by a great novelist whose name was F. Scott Fitzgerald, he is dead now. This book is one of the best books in modern literature. This game is based on the book. There are excerpts throughout the game that are read and there are characterizations from 'the book.'

I enjoyed this game very much. The music is soothing and relaxing. The game is fun. There are some twists in the seek and find game such as finding letters to make 'words' from 'the book,' cleaning up a party room, typing game that includes typing words from the book, driving the car down the street, making a pot of tea, arranging flowers and so forth. The graphics are really great and they capture some great scenes and locations from the story. The game captures the time period and the story very well as the story is read at times by Nick the narrator.

The download was fast and easy and I was playing the game within minutes so there is no hassle with buying it from Amazon and putting it on your computer, just becareful what operating system you have and that the requirements match your computer.

For a relaxing game that is interesting and fun with great graphics and great music based upon a great book this one is fabulous. For the price it's not outrageously long but you can enjoy some time playing it and capturing some of the nuance from the time period and F. Scott's book. Fun!",Based on The Book - The Great Gatsby by F. Scott Fitzgerald
5.0,"It was a great game when I was a child and its great now. Amazon has been a great source for alot of things, I don't know what I would do without them. I am trying to gather all the classic before they are lost and cant be found ever again, thanks amazon.",Its a great childhood memory
5.0,great game,Five Stars
3.0,"After reading all the negative reviews and what not I decided to give this a shot. I played 1-3 since I have the trilogy and many of us waited on this game. So Andromeda. Where should I begin? Positives? The customization slightly feels better hair wise (now with a new patch), the combat system is quiet good. Actually more improved than the past 3 games to me. While I felt that 2 had the best combat system. It really beats 2. The worlds are really beautiful as well.
Some stuff that fall flat that isn't much of a negative is that Andromeda feels small. Its much bigger than the milky way. Don't know why its smaller. The story and narrative lines are a complete bore that you kinda forget what your character is really doing because you have so much going on with the side missions that you'll forget the main story. Its just really uninteresting. The game is now patch so say bye bye to the bugs from the games early release. The game has something good going on but its unbalanced with the story and boring characters. The new alien species don't look interesting either. A lot of what goes on isn't all so interesting. I think the only way this game can hold a good rating would be if they do some free DLC updates of some sorts with mire interesting plots and writing. As of now its a very plain average game.",The customization slightly feels better hair wise (now with a new patch)
3.0,good little mouse however it is to big for my hand and the buttons need stiffer springs especially while playing games my thumb would accidentally press the buttons and mess me up casting spells when i didn't want to very aggravating I switched back to the corsair,good little mouse however it is to big for my ...
5.0,xgf fgj fj fjf j,xgf fgj fj fjf j
5.0,"Excellent game, future of Super Mario",Five Stars
5.0,"My grand children have enjoy this item, they constantly playing and staying out of trouble, I for my self also enjoy this item, the extra time I have I also play with my grandchildren.",enjoy
5.0,love the game,Five Stars
5.0,LOVE IT,Five Stars
5.0,I have been looking for a pac man DS game and finally found it and have played it for hours since I found it.  Thank you,Great Game.
5.0,"Great deal since it comes with 2 free games and at the time I purchased it, one wasn't even out yet!",Great deal since it comes with 2 free games and ...
5.0,I like,awesome
5.0,"The experience that is Fallout 3 is, in my opinion, unprecedented. A perfect atmospheric mixture of the tranquil beauty of a desolate wasteland and the dismal macabre of a decaying 1950's-esk Washington D.C.

Whether you're wandering through the dilapidated ruins of downtown D.C., scavenging historic artifacts from famous landmarks and presidential memorials, traversing the hilly countryside of Maryland, or spelunking in the spiderweb of underground subway tunnels, you won't have any trouble finding someone, or something, to hold your attention. And plus, giant mutated naked mole rats are so cute!... you'll see.

If that isn't enough for you: Continue the fight against the Enclave with Liberty Prime by your side in the ""Broken Steel"" add-on. Get abducted by aliens and give them a probing of their own with the ""Mothership Zeta"" add-on. Fight a virtual simulation of the liberation of Anchorage with the ""Operation: Anchorage"" add-on. Hug it out Rambo style with raider-slavers in ""The Pitt"" add-on. Or hop on the local ferry for a nice stroll through the Maryland swampland in the ""Point Lookout"" add-on. Mind the swamp plants - they bite.

A one hundred dollar value for a fraction of the price. Do it. DO IT NOW!","""Ah-hah"" Moment of Gaming."
5.0,Excellent product,Five Stars
1.0,"This is for the ""classic Wii (not the U) as far as I can tell... It's a good price for the number of stations per unit and batteries provided but that value drops exponentially I'd you CAN'T get units to actually charge. Even with the remotes stripped down (even removing the safety wrist tie each time you want to charge) you are unlikely to get ANY ""drained"" remote to sit on the station and stay lit as charging. If you enjoy building Houses of Cards with peanut butter on your fingers, you MIGHT enjoy getting these to work.",Skip 'em. Believe ME... It IS as PICKY as it Sounds
5.0,this is for playing n64,an n64 controller
5.0,"I just love this controller the lights on it look awesome, not annoyingly bright like some other controllers.",a solid product
5.0,"What can I say about Amiibo, They work exactly as they should and its good quality. I look pretty much as shown but as with any mass produced toy it isn't exactly like that but I love them anyways! A worthy addition to anyone's collection!",They work exactly as they should and its good quality. I look pretty much as shown but ...
3.0,"I will start this review by first listing the pros of this unit.
Pros:
Well built, the materials are of top quality. From the buttons to the screen, the Shield is a nice piece of hardware.
Android Kit Kat, fast processor, fast web browsing with both Chrome and the built-in. Navigation is pretty straight forward, if you own an android smart phone, this should feel very familiar; back to navigation, it is smooth and can be done with touch, directional/buttons or a mix of both. As expected, being an android based device, you'll find a lot of Google related apps pre installed, such as Plus, Navigation, G-mail which you need to purchase games and an additional email app for those with Yahoo, etc. accounts.
Navigating games, menus and screens is easy and purchasing games from Google Play is a breeze.
It comes with a nice, sturdy USB/AC charger and cable, Nvidia recommends using this as the main source of power when recharging for shorter charging times, but the USB cable can be used alone with a PC port as well.
In conclusion, I can't really complaint about the overall quality of this device, it is worth the money for its quality alone, but I'll explain why I gave it only 3 stars...

For those wondering, you must have the Nvidia GeForce Experience software installed on your rig and a COMPATIBLE vid card to be able to stream games from your PC. I have 2 GTX 780s, so no problem there. You must also have the latest drivers for the vid card and run a game scan from GeForce Experience, this will allow the shield to view all compatible games. Make sure that you have selected the right drives from your rig, under settings, where the software will scan for installed games.

Now, the CONS, which really, weren't many, but just one. A very crucial one for that matter. Connectivity. Please know that I'm a techy, I build my own gaming rigs and have been for the past 15 years, so I have plenty of experience with hardware, software and work as an IT, just in case you are wondering whether I know what I'm doing and/or if I tried everything possible to make this work.
Anyway, as I said above, connectivity was the main CON of this unit. I was able to stream games from both Steam and Origin, but kept getting the same error every 3 minutes; ""Can not connect to PC"", so the game kept on quitting on me. I would have to return to the main menu, select ""continue"" to re-establish the connection to my PC. I was doing this in a private network using a NETGEAR Nighthawk AC1900 router, which has both 2.4 and 5.0 Ghz channels. Of course, Nvidia recommends using the 5.0 for a better experience.
Anyway, after fiddling with router settings, firewalls, ports, etc. I still could not solve the connection problem and decided to return the unit. I did and tried everything that I could to improve/solve the connection issue, I visited forums, You Tube, etc. Nothing worked. The shield software was up to date as well. In case you are wondering, I wasn't very far from my router when testing, I ran test at 40, 20 and even 8 feet from the router in both channels.

Now, I wouldn't be surprised if this problem is related to my unit in particular, after all, I do see a lot of 5 star reviews, so I'm willing to scratch this issue as a ""defective"" unit, because as I mentioned above, this is not a cheaply made device. I'm not saying ""don't buy"" it, but simply letting you know (my gaming brothers), about my experience with the Nvidia Shield. I have always used Nvidia vid cards and have always gotten nothing but great performance/results from them. I had high hopes for the Shield, but I have to be honest and say that I've been disappointed.",Well Built. High Quality. But Connection Issues.
4.0,Does alright. Light plays a big factor in whether or not this works. You still need a good amount of room to use it.,Zoom does an OK job...
5.0,My daughter has been playing different Sims games for a while.  She loves them!,Awesome!
3.0,"Hidden object levels in this game were fine, but I was not expecting the complexity of the ""in between"" stuff. I can see where some people would love the in-depth ""turn here, twist there, put this here to make that run"" but it got really old really fast for me. I like to play games for the ease and fun of them, so I like the hidden object type games. But I found that this one was difficult to figure out what to do to complete a level. I'll say that, for those who are seeking more than a simple hidden object game, this would be a great choice. I had to consult online walkthroughs for help and found that some of the solutions, though difficult, were quite clever.","Frustrating levels, okay hidden object"
3.0,"The game is good, just imagine it would be different. The graphics are good. My son likes to play sometimes, but I think he expected more action and war between battleships.",Battleship
3.0,Works great but some button s stick and was dusty like no tomorrow and was dented would probably not buy again,Works butt....
5.0,"These were delivered in december, and have worked great so far.  Had a problem with them at first, but that was Window's 8's fault.  Sound great, and people can hear me clear.  Glad I bought them.  I don't use mic as much as I should for having this headset, so I cannot speak too much about the durability of that, but the headphones work just fine, never broke, and I wasn't as delicate as I should be with them.  Can keep em on for hours without too much irritation.  If there is, it's probably time to get off the computer because you've been on it for too long.",Work Great so far!
5.0,Excellent! Exactly as described! Fast shipping!,Five Stars
3.0,"They were returned cause i could not get them to work with my system, however they might work for you, i have a Ps4 pro.",They might be the headphones for you
4.0,"Gorgeous graphics, but I cannot beat this game, I died over and over...",Four Stars
3.0,"I bought this thinking it would be a fighter game like DOA, or Soul Calibur,
 it sorta is, but it's more like virtual fighter on Acid.

We had fun playing with it,
 but most of the laughs were at how weird everything is.

I'm not trying to knock the game,
 I just wanted to let anyone checking this game know it's not a typical smash-em-up fighter game.

If you're looking for something whimsical and different,
this might be it.","... bought this thinking it would be a fighter game like DOA, or Soul Calibur"
5.0,none,Five Stars
5.0,"Highest skill cap for a modern game. Absolutely terrifying (for me, at least) to queue up for a game and I'm in the bronze league.
Campaign is very enjoyable and a good tutorial. I recommend HIGHLY playing that first.

Not too diverse in terms of different races you can play, but you will NEVER master the capabilities of one.

TIPS for multiplayer:
Constantly build workers at your base.
Send scouting units to check up on opponents
Use hotkeys (set with CTRL-#)
Never queue up more than one unit on a production building
Place buildings to help defend your base, your income line is precious
Keep your gold low - always be training units / researching upgrades
Build additional bases to mine more money close to your original and make sure you can defend them
Harass with your units, try to hinder your enemy while you build yourself up
Build a diverse army. If you choose only to build one unit, you will find your opponent building its counter
CLICK FAST! NO TIME FOR LALLYGAGGING!

There is a huge community for starcraft. Check out shoutcasters on youtube or watch livestreams on the teamliquid website","If you're buying it now, multiplayer is going to suprise you"
5.0,"This Game Is Fun, It Has A Limited Stock Of Guns Which Was A Turndown. Although It Is A Good Game.",Awesome Game!
5.0,"My daughter loves the game, she plays it a lot and lets her friends play with it.  Not bad, she enjoys the different stories.",Nice
4.0,"very steep learning curve.you must devote a lot of time learning the controls, but in the end its all worth it and more.",patience
5.0,"Some games are not for everyone. If you are an impatient player that just wants to run into a crowd and kill, this is not the game for you. I read some of the bad reviews, and I understand some of their points. I also died quickly at first, until I took the time to scout the areas and planed strategies to take down groups. You can shoot down wasp nests, blow up barrels, release captive creatures to attack their captors, or mount them into fights and maul your enemies, bait orcs to investigate your location for stealth kills etc.
You also improve dramatically as you level your skills and weapons up with runes. The controls feel a lot like the Batman games, with strikes and counters and fun evasion acrobatics.
The Nemesis system is fun, and I advise finding Intel on Orc captains before attempting to take them down to know their weaknesses.
Make no mistake this game is a blast for those who put in a little time learning it. You will die a lot, but it will slowly get less and less as you advance. Worth full price if you are wondering if you should wait for a sale.","I read some of the bad reviews, and I understand some of their points"
5.0,"The good:
-Great co-op modes, tons of fun with 4 players.
-Lots of intense action in competitive multiplayer
-Plenty of weapons
-Amazing customization options for your character

The bad:
-Graphics are a bit behind, textures sometimes lag
-Steep learning curve for some

Overall, this is the best tactical FPS on the PS3. If you're tired of games like COD, try this out.","As far as tactical shooters go, this is king."
5.0,"good quality,  fast delivery",Five Stars
4.0,"To preface this review, I am going from the Corsair K70 Vengeance with red CherryMX switches.

Right off the bat, this keyboard felt very natural to use. The keys are very satisfying to press and my typing feels very natural. The LEDs look FANTASTIC. The plug 'n' play aspect is also very nice (the RGB settings are all function keys). The audible feedback is loud as one would expect, but not too loud. The volume wheel. This is one of the only keyboards with a volume wheel in this price range. A volume wheel, should you not have experienced one, is something you never knew you wanted until you got one.

However, like all things, there were some downfalls.

To start with, the wristrest, while very comfortable, was a bit of a pain in the butt to get on. Secondly, and I'm not sure why, but my H key came without a functioning blue color channel, and the G key was sometimes a bit slow to transition between warm and cool colors. I doubt this will be the case for yours, but it's not really a huge deal.

Some of the minor details I appreciated:
-The tactile feedback on the volume wheel and mute button. I never knew that I didn't like the non-tactile feedback of the volume control on the K70, but after using this, I find I like it better.
-Bootleg CherryMX switches. I know that sounds silly, but the fact that the switches aren't actually CherryMX while being the exact same thing as CherryMX makes these keyboards cheaper to produce (so cheaper for the consumer) but also makes them compatible with CherryMX compatible keycaps. I put my special gaming keycaps that came with my K70 onto this and they fit naturally.
-Key remover! It's not a wire one, granted, however it's still nice to see that keyboard manufacturers still include key removers with their keyboards. Now if only they included keycaps for MOBAs...

All things considered, this is a pretty bangin' keyboard for the price. It has some flaws, but overall it's incredibly nice to look at and use. It does what I want and need it to do, and it is the closest thing to my dream keyboard that currently exists.","Good lord, this keyboard."
3.0,"I bought this to replace my joystick out of the Controller I bought recently when I knew the joystick was VERY loose.

Installation was simple but since it was my first time I had to watch some Youtube Videos to see how the others do it so that it can be a little bit easier for me and also to make sure I know what I'm doing so that I don't mess up or break anything. Only thing is that you HAVE to file it down a little because the plug is a little bit bigger than the part where you have to insert it.

As soon as the Operation was complete it came out as a success! But I am experiencing a BIG difference like it feels rough and if you play games that require aiming like Shooting your bow on Zelda then you might be experiencing some frustrations with your aims... I guess I'll do what other buyers would say. And that it to buy some White Lithium Grease to Lubricate it to make smooth.

But I will say that it's better than having a broken loose joystick.",Ehh It's Alright....
4.0,A great sequel to the original garden warfare.,Four Stars
5.0,excelent,Five Stars
5.0,The reason I like playing the Secret of Margrave Manor is because I like to try to find hidden objects.  It makes you use your brain.  You think you seen an object someplace and you go to that one place where you think you saw it and it's not there.  It takes it to a whole new point.,The Reason Why I like playing The Secret of Margrave Manor.
1.0,The c stick doesn't work and it malfunctions,One Star
5.0,Works great as expected.,Good replacement for the price
1.0,Ok... this product works. It has that much doing for it... but it is wayyyy tooo small. I'm a reasonable short man with relatively small hands and this is just uncomfortable. Definitely get the Wavbirds,"Terrible, Terrible Controller"
5.0,Fun game. Difficult at times.,Five Stars
4.0,"This is a classic example of the mediocrity of game magazine reviews.  Heavenly Sword unfortunately received lukewarm reviews while other inferior games got great reviews from the FPS loving crowd.  I got HS at the bargain price of $19.99 and boy was that a steal.  The production values of this game are sky high and better than some Hollywood movies.  WETA Digital, the company behind the effects from Lord of the Rings did most of the work here, as many have mentioned.  I will also repeat the excellent acting from Andy Serkis also of LOTR fame.

Yes, it is only about 6 hours long depending on how good are you, yet most of those 6 hours you will enjoy yourself if you like a well crafted action game.  Nariko is a great heroine, yes there are some cliches involved but in this age we've seen almost everything.  Kai, the supporting heroine, is a little bland but improves at the end.  This game was also one of the best used examples of the Six Axis, unlike Lair which was implemented not too well.

The only other negative is that due to it's length, maybe $60 was too much of a steep price to pay.  At $30 is a great buy, anything below (like I did!) is a steal.  It's a shame this game didn't get a sequel but that also makes it a gem.  If you can find it at ~$30 or below, get it.  You won't regret it.",WAY underrated game
5.0,this game is fun! I can enjoy it and have fun,Fun!
5.0,The best thing they made for the 360 to help type faster mine works great but has trouble gettin on fully so i leave it attached to a controler now,Best Typing Help for the 360
5.0,good,Five Stars
5.0,I bought this for my daughters birthday along with some new games. It has been a hit!,Five Stars
5.0,My 6 year olds got this from Santa and they're thrilled! I can't tell you anything about the game because I've never played it. My skills ended with the Super Nintendo. :),Kids love it!
1.0,was not haapy about people selling these thing without the disc and saying works fine,... selling these thing without the disc and saying works fine
5.0,"I've created my own ships, mods and storylines for this game since it came out. Even if you don't have 3D design programs people like me have a great deal of ships and mods on the web. It just never gets old.",Still the primo space shooter
5.0,"Great mouse, perfect amount of buttons for a casual gamer. Smooth operation and very aesthetically pleasing with the red light and a dragon cut out ;)",Great for the casual gamer.
4.0,"If this game is going for less than ten dollars, then I recommend grabbing it. Otherwise, you might as well get one of the newer versions. I love basketball games on the ps2 and this was relatively cheap so I grabbed it while I could. Good time-waster and fun to just shoot some baskets without worrying too much about depth.",A fun game but not worth a high amount of money
5.0,About as bad as I thought it was. Can't bother to finish Silver's ball puzzle. 5/5.,Five Stars
4.0,Great games to pass the hours away on a rainy day!,Great game!
5.0,ok,Five Stars
5.0,One of the newest additions to my Final Fantasy collection & was shipped promptly. Great game package for RPG game addicts,Classic
5.0,"this is what i really wanted to task myself with finding a rare gem in the xbox360 portfolio to match ninja Gaiden, and i this does impress.","had it, lost it, now i have it again"
2.0,"Kids really wanted it, but after playing a few times they don't really like it and don't play anymore. They prefer to play the original Minecraft game (which they still play ALL THE TIME). This was not too expensive, but still not worth the money since it was only played a few times.",Not worth it
5.0,"Decent story, I enjoy the time travel mechanic, battle system is pretty fun (due to how it works, you'll never get to a point (unless you GRIND A TON) that you can just auto attack every single non boss battle to death.. or well, you can... but you'll need to heal up pretty often after every 1-2 encounter).  The music in the game is ok.... the sound of your character stepping on stone is somewhat grating and annoying though.

I beat the game 100% and am willing to let a friend borrow and play it... as I'd still be willing to do the game again someday.  5/5 is an easy score for me to give this game.","Amazing game, must have for RPG fans."
5.0,GREAT BUY & HIGHLY RECOMMENDED!,Five Stars
5.0,"I bought this game thinking it would be pretty cool and that i might play it for a  week or two and be done.  Boy was I wrong! From the moment I finally got the gamed Fired up (the other commentors on this are right, it takes forever and u are forced to create an account) I watched as it booted up I could tell right off the bat that ALOT of thought went into making this game. If you have ever played Sim city, then this game is a must try as you will easily navigate thru it and its multi layers. I have been playing htis now for a month straight, and I am STILL discovering layers of complexity in the game. There are a few things in the game that could used tweaked, but all in all this is a 5 star game.",A very good game balance of skill with depth of choices
5.0,"Item arrived on time, was just as described and worked well.  Five Stars!!!",Five Stars
1.0,Units were barely used when they no longer worked.  It appeared they couldn't hold up to kids using them more than a few times.  Too much time went by to raise the issue with supplier.  I don't recommend.  Just spend the extra money for the OEM units.,Don't recommend
5.0,it has improved from the last entry - I like it.,Five Stars
4.0,was a gift.,Four Stars
5.0,Excellent condition I really like it!,Five Stars
5.0,"I love Thief and all it's darkness both in character and story.  I suggest you play Thief as it was designed to appreciate the in depth effort in this detailed world of Thief.  Patience is the norm and learning the controls once mastered improves game play greatly.  Darkness and stealth is your Allie.  Light and head to head is your demise.
Remember you are a Thief!  Use your skills to your advantage!  Thief is a climbing, jumping, pickpocket, lock picking and knockout character.  Using your bow is frequent.  Arrows for extinguishing light, choking adversaries, knocking people out, setting fires, launching rope climbs, distractions, explosions, or killing.  Choose Focus (abilities with mechanical eye to see key items) skills wisely to give you abilities to take advantage of your environment. Ie. locate treasure more easily.

This world is vast and rich with treasure.  The storyline is intriguing and there are many side jobs to play.  The saving system is very limited to current event until completed the you can either replay or more to a location previously played to replay.  (Note: the replay is a way to improve your Thief techniques and wealth). also Thief has a grading system  pie chart score to evaluate your skills of; Ghost (undetectable), Opportunist (adjusts to situation) or Predator (no mercy).
There is much to Thief and I love this game!",Garrett is back with a vengeance!
5.0,good,Five Stars
5.0,Perfect,Five Stars
4.0,good game,good game
5.0,Excellent product. Works great.,Great quality.
5.0,Great package and fast delivery!,Five Stars
3.0,have not tried it yet but it looks ok,Three Stars
1.0,The screen no longer turns on and I had this for less than a Year!!!!,Bad Product!
5.0,tank,Five Stars
5.0,Thanks the PSP works great and is fun to play.,Five Stars
5.0,Love the sims. tI am still playing with this it came fast and very pleased with it.  Awesome!!! Happy and Glad!,Very happy!
5.0,present,Five Stars
5.0,Works great and I am very happy with this purchase.,Five Stars
5.0,"No matter how old this gets, the graphics always look pristine. It's pretty much the father of all (good) RTS games. If you want to buy a starcraft, but this and brood war, not the second edition garbage. Must have for a pc gamer!",Get this.
5.0,"Let me get this off my chest: I've seen the PS2 games before but never played them. That being said, Thieves In Time is one of my favorite Vita games I have.

The game uses stealth, thievery, and platforming at its core, and is so much fun to go around in the open worlds and pickpocket enemies while sneaking up behind then stealth attacking them (after all this time, I'm still i Japan doing this, already collected the first set of clue bottles and opened the first safe). The open worlds are fantastic and are my favorite parts in video games. Japan itself looks amazing, from the hideout all the way to the end of this area. I just love it.

In short, great graphics, great controls, awesome game. 5/5.",One of the Best Vita Games
5.0,Works as expected,Five Stars
4.0,"The Ace Attorney games are some of my favorites.  You (generally) control Phoenix Wright, attorney, and this game covers his first cases as the lead defense attorney.  Each case has you investigate a crime scene, talk to some witnesses, and your own client -- and then face off in a battle of wits in the courtroom with the prosecutor!

The games have a great sense of humor and are also quite touching as well.  Things are certainly over the top with a cast of characters that is unforgettable and endearing, even when they're not on your side.  This is a game that anybody can play -- winning cases are basically logic puzzles with simple touch controls -- but are enjoyable for everyone.  Give it a shot, and you may find yourself enthralled.  A great series and this game makes a great jumping off point.",No objections here!
5.0,"phenomenal,u won't regret it",very nice they fit well
5.0,Great classic game,Five Stars
1.0,"The download time is terrible and then once you download, they send updates files that are also huge. Program is  2.8 Gigs and updates almost 1 Gig. No program should be sent from Amazon unless it's zipped up to a manageable size. I trashed everything after I registered and then was disgusted that the jerks sent a huge update file. I got so disgusted, I TRASHED THE WHOLE WORKS!!!  Amazon should pull this product off their list of programs offered.",TERRIBLE PROGRAM TO DOWNLOAD AND RUN
5.0,Great game,Five Stars
5.0,I REALLY LOVE THIS GAME SO I ORDER AMAZING ADVENTURES AROUND THE WORLD AND ANOTHER AMAZING ADVENTURES GAME. AT THE TIME I THOUGHT WERE FOR THE DSI BUT WHEN I GOT THE GAMES I FOUND OUT THEY WERE FOR MY PC.  I WAS REALLY DISAPOINTED. LIKE I SAID I REALLY LIKE THIS GAME AND WISH THEY WOULD MAKE THE OTHER AMAZING GAMES FOR THE DSI. PLEASE TELL ME WHY THIS CAN'T BE DONE.  THEY MAKE MORE INVOLVED GAMES FOR THE DSI WHY NOT THESE GAMES?,WANT MORE
5.0,i love it. thank you.,Five Stars
2.0,"Waste of money so far. PC version has been a disaster; I won't go into detail, research it yourself. I spent over 100 hours in game, and still do not feel that I got my money's worth.",Waste of money so far
3.0,great,Three Stars
3.0,It's ok,Three Stars
5.0,Plays all gb gb gba games,Gba now
5.0,"Loving the game so far. Only purchased it after amazon recommended it to me 6 days b4 the game was releasing as I hadn't known the game or its predecessors, even existed. I pre-ordered as I found out an art book came with the day of launch cases. Traditional JRPG style uncensored and a little cursing doll bunny. Nothing out if the ordinary here. Also most JRPG's have that create a character thing for only your main character. This game takes this one step further and makes you have a whole team of created characters and classes that you picked. Pretty neat idea",So far so good
5.0,great game,Five Stars
4.0,"I got this to play games like Umbrella Chronicles.  It makes the game so much more immersive and funner.  The only thing I dislike is how it tires your pointer finger out after a while and the hand strap cannot be put in with it.  I had to take it off.  I am still trying to find a way to get it to fit, but I cannot right now.  Still it's a lot of fun to play with.",Valuable addition to your Wii
5.0,"Very, very challenging game.  The puzzles can be frustrating at times.  If you press your way through them, you will be glad you did.  You really have to pay attention to what you see and what has been said to remember it down the line. This is a game that is definitely MATURE.  The many weapons & special effects of the special moves are a thing of beauty.  You really have to have some patience.  The music and the graphics really boost the outstanding gameplay.  The many save points helped me out plenty of times!  I quickly ordered G.O.W II after I finally completed it.  it is very impressive even though I haven't gone that far.  Check out ""CHAINS OF OLYMPUS"" for the PSP also.  It is very good.",The Masterpiece that is God Of War!
3.0,Okay pretty fun nothing super,Nothing super but worth playing
4.0,I really like this game. graphics are good and story line is good... the cut scenes may be a bit to much,a bit heavy on the cut scenes
5.0,Perfect! This is a great product.,Five Stars
5.0,"My grandson got tired of World of Warcraft and thinks Skyrim is the better graphics and story flow, so I am pleased.",... of World of Warcraft and thinks Skyrim is the better graphics and story flow
5.0,A similar to FE Awakening in terms of difficulty. Came in great condition. Works well!,Came in great condition. Works well
4.0,"I bought this on the Amazon Prime Day sale for my son. I have only briefly played with him, so I'll keep this review short and sweet.

Gameplay [4/5]
It's the same tried-and-true CoD formula. It's neat having the EXO-SUIT as it adds some extra features that are new to CoD. It gives the game more of a Halo feel to it, but still keeps true to being a CoD game. Surprisingly enough I found myself enjoying this game more than I thought I would, because generally I'm not a huge CoD fan. One of the more interesting additions to this is the inclusion of EXO-ZOMBIES, which is a slightly more enhanced version of the standard Zombie game that CoD has. The Zombies seem quicker, more aggressive, and some even come equipped with EXO-SUITS themselves, which is a neat little spin. I find myself playing EXO-ZOMBIES with my son more than any other option this game has to offer - and that's not a knock to the other features, but more so a praise of the EXO-ZOMBIE feature.

Packaging [3/5]
Standard XBOX game package. This Gold version simply includes extras - is isn't a steel book or anything special.

Extras [4/5]
You get a few special pieces of equipment and guns for your character (which they enhanced the customization of - cool feature), the EXO-ZOMBIES option and a few maps for multiplayer. For the price I got it at - this was definitely a bargain in the CoD world.

Overall [4/5]
In the end it's CoD with some Halo-like enhancements. If you have previously enjoyed Call of Duty then chances are you'll enjoy this one too.",CoD Meets Halo
4.0,"Luigi's Mansion.  with ghosts, a haunted house and a kidnapped Mario.  Sounds pretty scary, right?  Well...  not really.  But it is pretty cute!  I've been a video game fan for years and since the beginning of Nintendo in the 1980's, Luigi hasn't really had his own video game before.  It seems Mario is always the star.  Mario is the main character, Mario rescues the princes, get's the girl and Luigi is always player number two, with the exception of Mario Brothers 2, where you can pick Luigi as your Main Character.  But for the most part, poor Luigi has always been shoved off to the side.

Not this time!  This time, Mario has gotten himself in some deep stuff and needs rescued himself!  That's right, Mario has been captured by the ghosts and it's up to my Main Man Luigi to save the day.  You guide Luigi through the mansion, sucking up ghosts Ghostbuster style.  I'll admit, this game can be quite difficult and it took some time to finish.  You're in a mansion and several doors are locked.  It can be tricky finding your way around, even if you do have your map.  Many of the ghosts can be difficult, too.  Before you can even fight a ghost, you have to figure out a way to bring it out of hiding and fight you.  Finding the exact procedure to get the ghost to come out and fight you can be hard to figure out and battling the ghost can be difficult as well.

At the end of the game, be prepared to try your patience.  It will take some practice to finish this one.",Scary?  Nah.  Cute?  Yep.
5.0,I played for like 5 hrs the first time I put the disc in. Crazy! Say goodbye to your free time. Lol.,An addictive playground!
5.0,Bien,Five Stars
5.0,"Perfect controller. If you are an avid smash player like most of us here, this controller doesn't disappoint. Only thing bothering me was the triggers, they would get stuck depending on where you put pressure, but i just swapped them out for some old ones. Never settle for a 3rd party no matter the price, they are likely to break on you within the first month.
Update:
After almost a year using this controller for Melee, the control stick STILL holds up, I swapped the bottom casing for a clear case and put some color changing LEDs inside and it look/works perfect",Perfect Smash Controller
3.0,"I have small hands, so this made it too bulky for me. I'm sure it would be great for anyone with larger hands though. Nicely made, fit great. Just not for me. I wish it was a bit thinner.","Nice product, too bulky for small hands though."
2.0,this game is good but stuck on a mission,needs some more work
5.0,Very Good,Five Stars
5.0,Excellent!,Five Stars
5.0,"I always use this so i can play my psp game and videos on my big tv. Its perfect for those who own a psp but want a better picture. Its a little short though if your trying to play from your couch across the room, but other than that it is amazing.",worth it
5.0,Perfect item just what I needed great buy!!!!,Five Stars
4.0,Works,Four Stars
5.0,"I LOVED THIS GAME!!!  I purchased this game and the hard cover artwork book as well as the stratergy guide this game was well done....really beautiful to look at in terms of its graphics, colors and environments its an action platform game worth every penny truly an all around great experience....-MARS DEMEL BK",I LOVED THIS GAME
5.0,"Kids love it
Race on PSP and have fun
Had problems finding kids rated games for PSP
This one is worthed the investment",Race it
5.0,"I bought this for my 10 year old sons birthday, he has been impatiently awaiting this release. He absolutely LOVES it! The graphics and colors are great, and there are over about 150 characters you can unlock to access their power and abilities.  There is out of space combat with Batman and his allies. You can also visit the Hall of Justice, the Bat Cave, and the Justice League Watchtower to access shops, trophy rooms, and the hero and vehicle customizers  The story lines are cool and there are so many extra things to do like training modules, challenges, races and mazes. So much fun - he is a very happy kid! Plus, he actually kept this game and plays it over and over again - I myself get miffed when I spend 40 or 50 bucks on a game and he wants to return or exchange it after 4 or 5 days! So this game is a winner for me!",Fun
3.0,"From reading previous reviews I wasn't prepared for the amount of work i had to do to get this game functioning on my system. I had to update my video card drivers and download a .dll file to install in he windows system32 directory. I suppose maybe its because I'm running windows 7 64bit. Even though the windows 7 website has a nice big green check mark beside this game certifying compatibility for the 64bit version of windows without having to make any modifications or anything to your system....rrrright...suuuure. Now I know better than to trust what Microsoft says.

Apart from this, I still have noticeably choppy frame rate, All this after tweaking the video card settings and the game settings. By the way I have a NVidia 6800GT 256MB graphics card on a 2.4GHz quad core Pentium processor and 3GB RAM. My fifa07 played noticeably better...waaay smoother... before I upgraded my system to windows 7 64bit (still had the same hardware stated when I was running XP).

So I don't know what to say except that I am disappointed in the frame rate of the game play and the tedious unguided work it took for me to get it there (there was no help for these problems on neither EA's nor windows websites as if they are not aware that the problem exists!!?). Apart from all that drama the game is okay and has all the bells and whistles that they purport on the gaming websites and message boards but, good GOD it was stressful to get the game to work in the first place!!",Gave me issues at first
5.0,Same as others but on sale so it makes it even better!!,... others but on sale so it makes it even better!!
5.0,This controller works just fine.,Work good.
2.0,"I have cheap Viewsonic membrane keyboard that I bought for $20 that has the same kind of feel & noise level. Maybe it's the switches they use but it doesn't feel like a mechanical keyboard to me & it's not really that quiet. The other big problem that I had with it, was it was too tall. I have carpal tunnel in my right hand and the height was uncomfortable for me.

It looked really cool but I think would go with one of their other models if noise wasn't an issue for me.",Maybe it's the switches they use but it doesn't feel like a mechanical keyboard to me & it's not really ...
5.0,Good,Five Stars
5.0,It has may games you can play.  You can make your own me. All the games are fun to paly.,fun game
5.0,Good product fast shipping,Five Stars
5.0,"Excellent, product as described, delivered as promised.",Five Stars
5.0,"In the current state of games, RPG's have become a rare genre. When I picked this game up I was so torn with the few RPG's out on the market. This game was a breath of fresh air. The story is good, the fighting mechanics are unique. The graphic's are beautiful. It is a great game. I recommend any RPG fan to give this a try.",Gold Lost in Shooters
5.0,"Got burned buying the cheap-o cables - never again!  On a Panasonic 50"" plasma - these do the trick.  Better clarity than the stock composite cables

You get what you pay for!",Accept no substitutes!
3.0,The game was ok. Purchased for my husband.  I don't think it keep him interested to long though as he does not play this much.,The game was ok. Purchased for my husband. ...
5.0,excellent price and good product,excellent price and good product
5.0,"if need for speed and mario cart would have a baby this would be born.. very addicting game, love it.",really good
3.0,"I enjoyed the single player campaign but multiplayer is another story. The developers basically force you to buy the additional content by making it a hassle to join games. Your constantly booted from matchmaking because you don't have the extra maps. I'm not sure why they didn't go the Halo route and have separate modes for the two. Well I think we all know why. I was also surprised that you only get one map for Nazi Zombies, you have to buy the other 3 map packs to get the rest. I wish you could buy the Zombie maps separately but you can't, your only option is to buy the 3 over priced map packs. And there's no way I'm doing that. If multiplayer and zombies are your focus then I would urge you not to buy this game but if you just want to play the campaign then I can recommend it at $10 or less.","Fun Campaign and Zombie mode, the rest not so much"
5.0,"Solid design, held my DSi XL and games with no issues. Survived a 3 year tour overseas in military and had no signs of wear. Would definitely recommend.",Would definitely recommend.
5.0,"This is a great little game system, why I didn't get one before is beyond me.",Five Stars
3.0,"This game did not even come close to my expectations for a Fight Night game. Fight Night 3 was great, the one after 4 was good too. They just dropped the ball on this one.",subpar FN game
5.0,A+,Five Stars
4.0,Great game really improved from 16 just got burned out from all the solos,Four Stars
1.0,"This is my opinion, the silcon rubber on my PS4 controllers began to rip so I purchased these. I HATE THEM. They are uncomfortable, and make my fingers feel sweaty.",I HATE THEM. They are uncomfortable
5.0,"If you're looking to buy a playstation vita, this is the bundle to buy. Even if you won't use the 3g (I didn't either). It comes with little deviants, a game that shows off all the features of a playstation vita. It has a beautiful screen with amazing quality. It would be wise to buy this now rather than wait for the ps4 to come out. When it does, this thing is going to be even more amazing.",Great bundle
5.0,This is the best double dragon version it's just like the arcade but just different attributes the stages are same with some new stages there is different characters but it's exiting entertaining and lots of fun when I played it I felt like I was playing the arcade game back in the day there is a survivor mode it's just lots of action martial arts lots of competition I got game almost new label perfect intact I recommend it was $40.00 even with free shipping and it is worth the prize you.,Double Dragon never gets old
5.0,gift,Five Stars
4.0,"Got this for our girls, 3&6; they watched the Smurf movie in theaters last month and just loved it, and I grew up with the SMurfs and always loved them.  We also have Just Dance 2 and Just Dance Kids. The concept is the same as those dance ""games""...some of the dances are really cute and the songs are funny (who let the smurfs out, I like to smurf it) and it makes my 3 yr old just laugh and laugh and she really tries to follow along with the dance...and some are just harder and ones I have never heard of before. Some of our other favorites are ""We Have Us"", ""Boom Shak A Lak"", and ""Go Go Go Get It"".
There are some real annoying ones  that we skipped after doing once (Barbara Streisand?? why is that in there?)

  For the price, I just kinda expected a little bit more but the girls love it and I will admit I do enjoy dancing to some of the songs. ITs also nice that the remote will vibrate in your hand if you get a ""perfect"" score, the girls really enjoy that and it helps them realize they are doing the moves right.  I would recommend this to a Smurf fan...but try to get it on sale!","Cute, all about the Smurfs"
5.0,awesome game my cousion love angry birds star wars,Angry Birds Star Wars
4.0,"Nice, solid controller. Has a good feel to it. Pairs easily with phone. Joysticks do not work consistently when browsing movie thumbnails. Sometimes they work, other times, I have to use the controls on my Edge VR to navigate up and down. Specifically wanted it for browsing for movies and games, because the selection button on my headset is too sensitive. Took off a star because it only works right sometimes, and then disconnects if I don't use it for a few minutes. Works fine in games that support it.",Generally works OK. Not sure if I have software or hardware problems
5.0,"GET IT, play it and enjoy this game as much as I did, then when you're done, move on to the Wii for more adventure !",FUN FUN  FUN !!!
5.0,Is a good game and I really want this game.,Cool
5.0,"If you like Action RPGs you can't skip to play DDD its the beginning of KHIII  good controls, excellents GCs scenes!",I love it!
4.0,"The steel series Siberia v2 headset packs a lot of quality for the money. I picked this headset up on Cyber Monday for $50, along with an Astro Pro Mix amp. My review of this headset will contain both the use of the astro mix amp, and without.
So I want to keep this more focused on gaming, since this is a gaming headset. I can't tell you how angry it makes me reading reviews on gaming headsets where the reviewer is just talking about how great or terrible it sounds listening to classical music, when all you want to know is how well it performs while gaming! I will include a bit about music, but I won't wax on about it.

So I've previously owned Turtle Beach x1, TB x3 (wireless), and Tritton AX pro headsets. I can say with great confidence these blow all of them combined out of the water! I also have experience using the Astro A40, and Sennheiser PC360s (Currently called the G4ME One) both with Astro Mix amp. Far and away the Mix amp with PC 360 is the best setup I've ever experienced (For gaming).
-------------------------------

Siberia V2 without mix amp tested on PC with AC Unity, Battlefield 4, and Left for Dead 2:

*Good sound stage for positional Audio. Caught a few people sneaking up on me, but got caught a lot when a lot of sound was happening. Could not tell whether enemies were up high or low, but could hear them walking all around me.
*Kind of quite compared to what I am use to, but still loud enough to make gaming enjoyable.
*The Lows are very dominant, but not overwhelming. They Handle the blends of highs mids and lows all happening at the same time, without the sounds all bleeding together, or cutting out like some headsets (Astro A40).
*Microphone works well, and friends noted that I sounded allot clearer and louder than before (which sometimes isn't always good)
*Very Comfortable once broken in. Can wear them for hours and hours. I was worried about the ear pad material making my head sweat, but it doesn't. Before they were broken in, they clamped to my head and pressed together a bit too hard, but not much of an issue now that they are broken in.
------------------------------
Siberia V2 With Astro Mix amp tested with Battlefield 4 on Xbox 360, and PC with AC Unity, Battlefield 4, and Left for Dead 2:

*Great sound Stage for positional Audio. Noticeably better than without the mix amp (I run with the clean EQ). With some Juice, these things BANG! I could hear people or zombies sneaking up on me allot easier with other sounds banging in the headset. In battlefield, I could hear people running all around, And had an easier time telling where enemies were. Still had the problem of not being able to tell if they were high or low.
* The lows were still more dominant, but the mids and highs sounded much better! No bleeding or smearing tones at all. Everything was very well defined, but the bass being more dominant, sucks sometimes for FPS gaming. Was awesome for Assassins Creed Unity. Makes it way more cinematic, and thus more enjoyable.
*Microphone, of course, no difference.
------------------------------
So the Headset by itself is good, but pump a bit more juice to it, and add Headset virtual surround, and they come to life! This is the least expensive headset I've ever purchased, but the best sounding. Forget Triton, forget Turtle beach. Comparing to the other High end sets in the Astro A40s, and the Sennheiser PC360s, I would say this is an incredible bang for your buck headset, but not the go to for a highest quality audio setup.

Compared to the Astro A40s:
*They sound way better overall. Better sound stage, better defined tones, however... With the Mix amp, The A40s barely edges out the Siberia V2 for positional queues, which I believe is the biggest factor for FPS games. The A40 however does have issues with allot of sounds happening simultaneously and the Highs are very dominant. So if there is an explosion, footsteps your tracking, gunfire and friends talking, it all sort of blurs together and sounds god awful. The Siberia V2 handles everything very well, and keeping everything better defined. Dollar for Dollar between the two, plain and simple.. Siberia V2 all the way.

Compared to the PC 360s:
Without the mix amp, I definitely prefer the Siberia V2. With the mix amp, however.... The PC 360 wins by a large margin. The only thing the PC360 doesn't do as well is bass. But for gaming audio, too much bass can make you audibly blind for seconds at a time, and that's just when someone will sneak up and take you out. The PC360 with mix amp is hands down the best audio system I've ever experienced in gaming. Handles all sounds perfectly defined, and you can hear if something or someone is dropping in on you, or something from any direction, as well as how far away that sound is. It's absolutely amazing! Sorry for rambling there, I'm just a big fan of that configuration. But you're talking a $330 ($200 for the headset $130 for the Amp)  config vs $180.

Sound Stage: 7/10
Overall sound: 8/10
Comfort: 7/10

Finally, the music review section. Audiophiles who review gaming headsets against listening to music will love this detailed review:

It sounds good.....
(lol) Hip-Hop and Dub step are the standout genres, especially with an amp.

Hope this helps someone out, who was in my position of wanting to find a quality headset for gaming audio, across multiple platforms, but didn't want to break the bank. If you have any questions or would like further information, write me a comment and I'll get back to you.",Great headset for the budget minded
5.0,"I really love the first one multiplayer with its tactical and team based gameplay and this second installment improves it with the story, terrorist hunt, and the all so great multiplayer. Its seems they won't make a third but I'm really looking forward to Siege and The Division.",Rainbow six Vegas 2
4.0,"I meant to buy this thing a year ago but the initial pic amazon offers of this makes it look like it fits between your knees or something...I dunno.

But I bought a game that I knew would require a lot of communication since it's online, so I took the leap.
First off, the pics on this site are very misleading. This keyboard is very sleek, small and lightweight.
Installation is a no-brainer, there are some shortcut keys to other PS functions on it as well (direct to email, to browser, etc).

Pros:
Solid, secure install.
Can be removed and re-installed on the fly.
Doesnt interfere with normal controller funtions or gameplay.
Lightweight
Touchpad feature is nice.

Cons:
** Cant use with Silicone Skins ** MAJOR
With a skin on, the 'start' and 'select' buttons don't have enough 'reach' to get through to the controller from the keyboard. The game I bought this for, I need to hit 'select' alot to access the map on-the-fly (while online). This broke my heart. And I'm not giving up my silicone skin...so I bought a bluetooth headset instead.

** No backlight + black PS3 controller = hunt and peck.

** While the keyboard has a QWERTY layout, the symbols are not, and to access them you have to play a game of twister (Left Orange + 'key' =?, Right Blue + 'key' = @) which isn't all that bad except that the colored keys needed to make alternate characters are in weird places, usually requiring 2 fingers to activate.

The Cons list may look larger than the Pros but that's only to explain the very specific issue I had. If I didn't need to access that 'Select' key, I'd still be using the keyboard and I'm sure that given more time (took me all of 5 minutes to make the decision of Skin vs Keypad) with the keyboard and some practice I would have gotten used to the function keys. I'll probably start using it for other games, just not for the one in question. If you don't use a skin and need a good keyboard, this will do nicely.","Well made, good design"
5.0,exactly as expected,Five Stars
5.0,Product arrived on time and was as described.,Five Stars
5.0,A timeless classic back when you can kick ass,Brings back memories
4.0,"My daughter loves this game. She says it allows you to do so many things. It is another great game in the ""Imagine"" series.",Nintendo 3DS game
4.0,The game is fun if you like the mahjong and games like that. Its kind of a cross between mahjong and and scrabble.  the only part i didn't like about it was the controls are what i would consider backwards for the controler.  It would be much easier if you could just point the little hand in from the wii control and pick your letters instead you use the directional arrows and the up and down seem to go sideways and the sideways parts of the plus make it go up and down.,wordjong Party
5.0,"Great game and awesome collectors edition.  The statue alone is worth $100.  The statue is very detailed and stands a bit over a foot tall.  I like the fact that this edition comes with a steel book case AND the original game case as well.  This one also comes with Goro DLC, the Gold Scorpion Skin. DLC, and of course the Kombat Pack DLC for 4 more characters and additional future costumes.  If you enjoyed the last Mortal Kombat game (2011) this is a must buy.  The graphics engine is top notch and runs at a smooth 60fps with awesome lighting and particle effects.  Online is fun, however be aware that there are some very skilled people out there.  The story mode is a blast and feels like a Hollywood movie.  Of course it's very bloody as this is Mortal Kombat, but it's so over the top it's actually silly.  The fighting engine is deep and each fighter has 3 variations to choose from.  Highly recommended!!!",This is how a collectors edition should be done!!!
5.0,"It's an amiibo so there's not that much to say.  The figure itself is amazing as always but don't expect to be able to use it in anywhere near the amount of games you can use some others in.
With the recent update to Animal Crossing New Leaf, this Amiibo does have more of a use than in the past. We may also see more support in the future knowing Nintendo.

The benefit of the lack of software support is the price. The Animal Crossing series of Amiibo are cheaper than most other series by a fair margin (MSRP is $8.99 instead of 12.99$) and I was able to pick this up for just $6.00 so the lack of support is made up for in the reduced price.",A great figure with somewhat lacking software support
2.0,"This item does not fit the 2DS properly. After I clipped my 2DS in, it made creaking noises and the system constantly fell out of the case, on top of that the case sits extremely close to the shoulder buttons and caused them to stick after they are pressed. I was looking for something to make the 2DS more comfortable to hold and this certainly did not fit the bill. The Nerf material feels nice, but it doesn't look like it would hold up to prolonged use. Don't waste your money.",Great concept - poor execution
5.0,The price might be a bit high but you will be glad you got the extra space. This card loads games fast and has a ton of room. I haven't had any memory issues and over all I am happy. No since in having a bunch of cards to carry around get this one a be done with it.,Nice to have the extra space
5.0,As advertized,Five Stars
4.0,This game is sort of like a mix of skyrim and call of duty i guess all i know is im addicted it also looks beautiful on the xbox one also the story is pretty good,pretty good game
5.0,it was really excellent!! i love it. this is what im looking for. now i can enjoy it! thank you.,love this game
5.0,Got this for my son for X-Mas. He is a huge nerf fan and wanted this game so bad. I put it under the tree and when he opened it he went nuts and had to play it. He was playing it before he could open any other presents. I am happy I got it for him and would recommend it for anyone that likes Nerf Games. The gun is also a regular Nerf gun so that is a plus as well.,Great Game
5.0,Great product grade game,Five Stars
5.0,Awesome.....,Five Stars
5.0,"Got this cable for my son's DS as back up ones but before I get to use them he lost the DS, when I attempted to send them back the answer from the seller was '' don't bother and will refund your money'' it was very of them, that is great service!!",Very good product and service
5.0,"IT'S MONSTER HUNTER, WHAT'S NOT TO LIKE",Five Stars
3.0,"To be completely honest, this game is a disappointment to me. I am a fan of the series and have beat every game up to this one. I am really having a hard time keeping interest in this one. I do not care about Edward. He is not an assassin, at least not to the point that I have gotten in the game. The ship battles are tedious and the mechanics of the game stink. Assassin's Creed two and Brotherhood were excellent. Revelations was good, as was Assassin's Creed 3. I have had to drag myself to get through to memory 2 of sequence 8. I really do not know if I will actually finish. I am hoping Unity is much better.",Don't much like this one
5.0,"Up to four players, twelve total players if you choose the internet option, motion steering (I believe the motion does other functions as well) this is a very very fun game for the whole family.  Also, works just as well without the steering wheel.

The internet play is so cool.  Rather than compete against the computer where the other drivers drive at a constant speed and hardly ever go off the track, you race against real people whose moves are so unpredictable.  The internet play is just really fun.

Well worth the money you spend on the game.  One of the best Wii games out there.",A must have Wii game.
1.0,the game did not work at all and I was sent a new one and it did not work also.,the game did not work at all and I was ...
5.0,Excellent very responsible,Five Stars
5.0,My fiance likes it.,Daisy
4.0,My son says that it's a pretty good game. The story line is good and the graphics are nice. The only problem is that the combat isn't that good.,My son says that it's a pretty good game
4.0,"Amazing, stunning visuals, immersive world. The one thing though is that I can not think of how anybody could solve the puzzles in the game without a strategy guide, or at least using an online walkthrough guide. That said this game is simply amazing. I just ordered two of the earlier Tomb Raider games (Legend, Anniversary) and their strategy guides, going to keep me occupied when winter approaches.","Fun, great graphics, puzzles, stunning visuals."
1.0,"Sucks, Can't play the game.",One Star
1.0,The item is broken. A large crack on the back and the shelf inside is broken off. Not worth it.,Not worth it.
5.0,The price was right and it shipped quickly for the holidays. It was purchased for my children and they seem to be enjoying it.,Great!!
2.0,"Like many others, we got the  ""the game has been updated to an incompatible version"" . Followed the steps and got it cleared. My son played for 6 days, made a huge amount of progress, then this morning we woke up to a ""corrupted"" message on his game slot.
So 6 days of progress gone completely.
We own all the Lego games for 360, logging hundreds of game hours, and have NEVER experienced either one of these issues.
While the actual game might be good, the system problems are horrible.","Didn't get the bugs out, did you?"
4.0,It is interesting and has many puzzles and levels.  Some of them are a little harder then I usually play but I'am working up to them.  Great Price for all you get.,Interesting
5.0,Great,Five Stars
5.0,My boyfriend was so happy that he got this for Christmas i don't know how I will top next year.,My boyfriend was so happy that he got this for Christmas i don't know ...
1.0,Don't buy! This charger only lasted for 3 months and completely failed to charge on one side. After the first year the second charging input died too!! Well it's in the trash now and I sold my wii so that problem is solved.,Sigh~
5.0,excellent product and time,Five Stars
5.0,Love Hori cases.,Five Stars
3.0,The console itself it's great. However keep in mind that the game Borderlands 2 is extremely unstable in PSP! I haven't been able to get past the second mission because it hangs everytime I play (in different locations). I know my console is good because all other games work fine. So heads up!,The console itself it's great. However keep in mind that the game Borderlands ...
5.0,"Taito Legends Power-Up for the PSP contains 21 original Taito arcade games along with 4 updated versions. Here is the complete list of games in this collection:

Alpine Ski(1982)
Balloon Bomber(1980)
Cameltry(1989)
Chack 'N Pop(1983)
Crazy Balloon(1980)
Elevator Action(1983)
The Fairyland Story(1985)
Kiki Kaikai(1986)
Kuri Kinton(1988)
Legend of Kage(1985)
Lunar Rescue(1980)
New Zealand Story(1988)
Phoenix(1980)
Qix(1981)
Raimais(1988)
Rastan Saga(1987)
Return of the Invaders(1985)
Space Chaser(1979)
Space Dungeon(1981)
Space Invaders(1978)
Space Invaders Part 2(1979)

Balloon Bomber 2005
Cameltry 2005
Crazy Balloon 2005
Legend of Kage 2005

For each of the classic games, you have the option of re-sizing the screen with the triangle button(or turning it vertical to mimic the arcade original). The games are emulated well and they each look/feel like the arcade original.

This collection contains a few games that weren't on the Taito Legends sets released for the home consoles(these games are very obscure). The updated versions for the most part play exactly like the originals except with more modern graphics.

There is moderate load times when switching between games. Additionally there is a 'game sharing' option(I have not tried this yet) where you send your game to a friend using WLAN.

The only drawback for some might be that this collection contains a few lesser known titles; but for the most part, these games are fun and addicting for the old-school gamer.",Taito Legends Power-Up for the PSP
5.0,"Great Deal, everything worked",Great Deal
5.0,"Many people complain that Bioshock 2 is too much like Bioshock 1. Well, firstly, Bioshock 1 was an epic game and a carbon copy sequel would still be epic. Secondly, this game is not exactly like Bio 1. You play as a big daddy, there's new story, the plasmids are the best in the Bioshock line, and the weapons are new. Bioshock fans will love it.",Epic
4.0,"This is definitely not a hardcore game for skilled gamers, as it follows the movie's basic plot and pits the player against various enemies over a period of missions. Achieving the mission goals results in money to spend on upgrading the Iron Man suit which is fun. It's a bit tedious but the gameplay is suitable for young gamers.","Complements the movie well, a bit slow, but good for young gamers"
5.0,"Awesome game! Not as good as Uncharted, the graphics are a little weird, but it's definitely worth playing!",Five Stars
5.0,"Beautiful graphics, and the game play is quite fun. It's really challenging to finish some areas. Getting the 6 different endings are doable though.",Beautiful and fun game
5.0,Took a while to get home but its good for protecting your 3ds XL is a hard shell case,Five Stars
5.0,great,Five Stars
5.0,Very quick shipping. Great product.,Works as advertised.
5.0,"What are you waiting for, buy it, its Metal Gear, one of the greatest game franchises of all times!",Epic game!
5.0,they work great on the dsi and 3dsxl and all the others with the newer type charger.,Five Stars
5.0,My boys loved it,Five Stars
2.0,Just a shadow of what it should've been,Could be worse.
5.0,You idiot they said it was 30 FPS from the beginning. It will have no difference in the game then 60 FPS it plays flawless at 30. So really who gives a crap if it's 30.,30 FPS is still flawless in this game. It's plenty for this game.
5.0,great game kids love it I love it,Five Stars
4.0,"Foreword. I'm not one to relish in gimmicks or trinkets or overhauling modifications. I like my controller clean and pretty.

Afterword. Thus why did I spend the five dollars on an attachment I'd only fancy a wee bit? My ""Clean and pretty"" Xbox 360 controller is from 2006, used almost everyday for the past five years. The stick is worn beyond the concave and sloped more then an on ramp. It's a rolling lump. An impractical mess so to speak.

Rather then replace the stick (as I should have possibly done instead) I figured this would be the easiest course of action. And it was. It is a solution to a problem.

A solution that will allow me a little longer with a dying controller.

But as I've made abundantly clear, these things are not at all in the slightest necessary. I find that I still loose ""grip"" from time to time depending on the game and the actions occurring. Their dry sticky style of suction is both adhesive and distracting. From constant use I find my mind drifting from game to controller as the little firm frog foot clings to my thumb. Maybe that is just a personal dilemma but it is worth noting that if you like me find yourself constantly enthralled by the game you're playing, these might unsettle you at first as they have me.

Final word. I hate that these will not fit over a FPS Freak*. They're too small. And the contrast of slightly worn FPS Freak to Grip-iTs is definitely distracting. Otherwise I like them. Not enough to fully one hundred percent recommend them and then and only then would I suggest to those like myself with an old worn out controller but there is enough here to warrant the small investment if curious. These things don't ""slip"" and don't add much height (if you aren't into that sort of thing).

No ""gluing"" required in the writing of this review or use of product.

*[Supposedly one must flip them inside out to make them work, decal down. Yet to try]",To grip or Not to grip that is the question
1.0,"Two agents go around killing zombies.  One white guy, one black guy.  Similar to Pulp Fiction in their interactions.  It's not that fun of a game.  I much prefer the Japanese shooters with high quality animations and subtitles.  This is listed as a Sega product, but it's made by an American developer.  Too much focus on style and not enough on gameplay.  It's really easy and mindless.  Bosses are easy.  The black guy and others swear too much and it's annoying.  I muted the dialogue after a while.

Not recommended.  I'm planning to get the Resident Evil shooters instead.  I only got this due to the low price tag, but I regret even that and I will resell it.

*addendum: traded this game in on Amazon and got Resident Evil Darkside Chornicles. Its a far superior game, get it.","too profane, annoying, not fun or challenging, get Resident Evil"
5.0,Very Happy with the product and the price works just like they said and I would recommend to anyone who play Call Of Duty Ghost,PS3 Modded Controller
5.0,"I have read a lot of neutral to negative reviews about this game and I honestly think that they are unfair. I used to play Need for Speed 3 on my PlayStation with my brother and we loved it. When I saw this game out for the Wii, I felt that I had to get it. Let me say that is is worth every penny so far. It may not be the best graphically, but as far as entertaining, it's all good.",Very fun
5.0,that was the exclamation of my daughter when she opened the package. She like to play this game a lot. I paid less for it here than in the brick and mortar store so it was worth it.,Best most powerful character ever...
5.0,Great Lego game.,Five Stars
4.0,"As someone that has took some time off from the 2K series, it was great to return this year. The controls are completely rebuilt - and there is a learning curve - but it will prove to be worth it.",Great purchase
5.0,"Lots of different games to choose from and love that we can pick our characters!  Something for everyone :)  Only issue was that there was a ""Santa Claus"" character when we first started playing then all of the sudden we couldn't find him anymore...that is always who my 2 yr old wants to be when he plays air hockey!  We convinced him to go w/ the Santa-looking guy in the purple pj's...Sandman, perhaps?",Love it
4.0,"These types of games should have different twists to them.
I have almost 4-5 of these types.
And the almost all work the same.
Some of them are fun, others are boring.",Cradle of Rome
5.0,cool,Five Stars
5.0,"If you had played any of the Grand Theft Auto games in the past, you may find this one to be a bit more tricky. I know I did but I enjoyed the game play. The graphics are wonderful and the storyline was great. The game and it's packaging were in mint condition and there were no technical difficulties with the game play.",Tricky game
3.0,complicated to set up!,Three Stars
3.0,Good,Three Stars
4.0,"Fabulous game with a really great story, the only discrepancy I have is the multiplayer. Multiplayer has a huge Emphasis on stealth, stealth is fun but its a 10 man lobby of players crouching down moving slow through the map, an it sucks because the game Is so much like uncharted without the climbing. Multiplayer has good weapon variety, but I feel like the weapons and the perk system are a waste because of the stealth based multiplayer, also this is very minor but through the story there are certain pieces of terrain you feel like you should be able to interact with but you can, for example I tried to walk through a bush bit there was a invisible force field around it, other that that, really great game, I would highly recommend it...",Love this game..
5.0,"First of all, it's a comic book game without a comic book mythos to draw from. This huge sandbox game lets you slip into the shoes of Cole MacGrath, the victim of some sort of radiation. Immediately, the game starts off with Cole barely able to move and supposing his guilt for a huge explosion that leveled a huge section of downtown Empire City. Looters form gangs and divide up the chaotic city into huge turfs of dangerous mortar and asphalt. It seems that Cole begins to develop electricity-based powers. And the further down the storyline he goes, the more powers he gets, and the level of power increases too. Players are able to advance as they wish, divvying up experience to increase whatever they are able. It seems that he is to be the most powerful man on the island-city.

But the first bit of brilliance is that you aren't stuck in the role of hero; you can be just as evil if you desire. Another fine point being that you can literally go anywhere you want, just so long as you don't try to go swimming. The mechanics can be a little trick to learn, but the game scales well enough not to put you into a situation the character cannot yet handle. No spoilers here, as I am sure most everyone reading the reviews for this game are already familiar with the story. Suffice to say, it is top-notch and shows off a fair number of sub-plots.

This is one of those game that does pay to play again, if only to experience the story from the opposing alignment. Overall, this is a great game with tremendous mechanics that will most likely be used in many games to come.",Cole on a Hot Tin Roof
4.0,"Puzzles!  Not my fav really but it is cool.
I would say if you love lolo or fire n ice then you will love this - so I gave it an extra star.",Puzzle fun.
5.0,"Now I can finally play BF4 on my PS4, wonderful.",wonderful.
5.0,Love Resident evil series fun game thanx.,Five Stars
5.0,"Love this game, still play it a lot. People complain about this game a lot but everyone has different tastes.",Great Game
5.0,"I had the game before that came with a used computer we had. It eventually died and the kids were disappointed to lose to the game. They really enjoy this game and even I have played it, and enjoy it.",Kids love it
4.0,"This game was better than we expected.
Its fun in a group (taking turns) for a few reasons ...
1) The turns are quick.
2) You don't have to have the control to participate.  Everyone has ideas and suggestions on how to win the puzzle.
3) You can redo the previous puzzle to try it a different way or try to get a better score.

It's more of a thinking / logic puzzle than a skill-with-the-controls game.
I wouldn't rank it as a must-have or great game, but its fun.","surprisingly fun, particularly in a group"
5.0,"This is the best game of Batman ever made. A perfect continue of Arkham Asylum. With Uncharted 3, this game its one of the best game for ps3. Perfect game, perfect price.",Awesome Game
4.0,"""LEGO Batman 2: DC Super Heroes"", while not perfect, is a good game.  It's the first game I've played with voice acting.  Normally voice acting in a video game is a welcome addition, in LEGO games however I think some of the charm is lost.",Fun stuff
5.0,Excllent,Five Stars
5.0,"Package said PSP-2000 only, but it fits my PSP 3001 fine.
The newer packagings in the stores are a different color and indicate PSP2000 and PSP3000.

A little bulky, but if that's what is takes to protect the device when I need to pack it in luggage, etc.

I applied a screen protector to the screen, and will be getting a very thin, unpadded, nylon case for carrying my PSP 3001 around with me.",Works great for my PSP 3001!
4.0,"It does what it's supposed to do, recharge your batteries. The battery lasts long enough, until now I've had no problems with this (my xbox died.. rrod) and everything is cool.

I recommend this if you want to save on buying a bunch of AA batteries. The only drawback it's that it only brings 1 battery with it, from the picture here I though it brought two. But whatever, it was worth it.",It does the job
5.0,"I bought this game because it sounded interesting. When I got it and first started playing it I thought it was going to be like Half-Life. Another adventure type game that was out of its time (Half Life was good when it first came out. But it doesn't compare to Deus Ex). Nevertheless, after about 30 minutes playing the game I was shocked that it was a very complex fighting game! You really need to ""learn some skills"" to get good at this game. It's not a first-person slasher where you just go around hacking people up. If you tried that you'd get hacked up yourself in no time. No, you need to learn how to *master* your sword fighting skills, stealth mode, and bow. When I looked at the box I thought it was a Japanese samurai type game. It's not. Think Mongolian. Think Huns. 400 AD - 1400 AD time frame.
Rau, your character, has the body of a barbarian, but the skills of a Hun/Mongolian swords man. He has bow skills too and is no way just a big muscle-bound guy. You also have a black crow that you have trained to help you during your jobs. You can make the crow fly to predetermined perches so that you can get a birds-eye view of what's around the bend. You can also have your crow fetch items for you that are out of your reach.
I've only played this game for about 3-4 hours so far and I can tell you this. It's not going to be easy. You have missions. And each one gets harder and harder. Since you need skills to master the sword, you better have strong hands since this game requires that you are constantly pressing the button to fight off your would be attackers. There is a nice feature that lets you attack multiple foes at once. You can take on three enemies at one time! It's quite a nice setup how easy it is once you master the controls. But that doesn't mean that the mission will be easy to finish. If anyone remembers Deus Ex; just like that game, you could play it using different methods. One, you play it head-on (fight everyone). Or two, you can be a sneaky (stealth type mode). You can use your sneak attack, or you can use your  bow from afar. It's your choice. The AI seems very smart too.  The enemies aren't dumb. Once they see you they will look for you. But, some times they might just hear you and think it was  just an animal or something. Then, they go about their business. And sometimes if they hear you (but don't come after you) they will just keep waiting for you until you come around the corner (Basically, they know you are hiding. But they won't come and get you. They just wait for you.).
Right now, I'm only using the sword and bow. But it looks like there are 5 weapons. But, it's NOT about the weapons that makes this game good (Quake or Unreal). It's the mastering of the weapons that makes the game! There are some nice side games (Arena style) where you can hone your skills for prizes. There's also a tutorial that you can play that is called ""training."" In the Arena practice you can take on 15 guys at the same time. Once you get good at that you'd be surprise how much that helps you during real combat. But, remember. That doesn't mean that you can just start hacking away. Sometimes it's better to just sneak around a corner and grab someone and take them out silently (if your in that mode).
So, if you liked Oni (from Bungie) and Deus Ex. You should like this game. They should have called this game The Mongolian Warrior.
P.S. The Sage is a funny old bag!",Oni meets Conan (The Mogolian Warrior)
5.0,Fun game! My 7 year old loves it.,Dad's review
5.0,Fun game.  Easy to play and understand.,Fun game. Easy to play and understand
5.0,Took me less then five minutes to install and made my controller like new. This thing is amazing I would buy again you will not be disappointed,Amazing! If your board of your controller instead of buying a new buy this!!!
5.0,Great war game. My son loves it.,Five Stars
5.0,everything was great,Five Stars
5.0,it's gameplay is rahter unique and and RTS game (similiar to warcraft) and it's nice to experince a gameplay which was never attampted before in a FF game,intresting game!
5.0,all is ok,Five Stars
5.0,"I love RPG's but for some reason the idea of playing an sRPG has really turned me off to some games and series in the past. Fire Emblem was one of those series. I finally decided that I needed to give it a shot so I pre-ordered rather than paying twice as much in a few months! Totally worth it. I have already beaten the game and I'm in the midst of a second play through. I also bought the DLC because I loved the main game so much but I won't review that here. Btw you do not need to buy the DLC, the game is finished without it.

The main pro to this game is definitely the game play. It's addicting to pick your units, outfit them, and set up your battlefield so that certain characters build bonds as well as making sure that none of your units die. I liked how there was a choice to play on ""casual"" where units came back after dying and ""classic"" where units that die are gone for good. There is also a choice between normal and hard diffculty. Being an inexperienced sRPG player I chose casual/normal for my 1st time through which probably saved me a ton of repetition.

I find the characters to be very likable although some of them are over the top. You will definitely find yourself picking favorite units and creating marriages between your favorite characters! The story itself is generic and mediocre but the individual characters save the game! The voice acting is barely existent (just a few phrases really) but the dialogue is really fun. The dialogue between certain characters expands based on your choices on the battle field. The music is good but not as epic as you may find in some other RPG series but it blends nicely into the background. The graphics are quite nice on the 3DS. The only thing that really bothered me where the characters feet. Stumps! You'll see what I mean when you play the game!",I've been missing out big time!
5.0,"It's been so long since i've played Diablo 2 and D3 is more of a nostalgia type of game for me. I've already burned numerous hours on D3 and i feel i've invested my time wisely! I personally don't care about the ""must have internet"" to play feature, mainly cause you can find internet connections anywhere now a days. So the people complaining just have nothing else to do with their time then to down rate something they just don't understand how to play. It's okay though, those of us that are understanding and not bratty will enjoy the game and you all with miss out. Tough luck.

Anyway! See you all in game!",Can't leave my computer.
5.0,Best game ever.,Five Stars
5.0,"Not a command and conquer game -- it's one of court politics and the quest to become upwardly mobile within the powerful socioeconomic hierarchy.  Extremely well done, but not everyone loves this type of game.  Be forewarned, the interface and mechanics are complicated but the complexity of the situations it presents require this.  Also, check out the mods -- there is a game of thrones one which is particularly popular.",Ambitiously envisioned concept which is Flawlessly Executed
2.0,"Not at all lag free, and it doesn't have much dpi for gaming. Maybe it was mine which I returned, but still not what I expected.",Not bueno
4.0,"It took me awhile to figure out the mouse wasn't working because it needed to be plugged into a usb 3.0 slot. Mapping the buttons on the side of the mouse for world of Warcraft was easy tho. I wish the program it came with allowed you to flash threw different colors, but it only lets you choose one color at a time.",Mapping the buttons on the side of the mouse for world of Warcraft was easy tho. I wish the program it came with ...
5.0,"Far cry was a first for me and it did not disappoint. The 3 was the best, but the other were great add ons and made the gaming experience just as enjoyable.",... was a first for me and it did not disappoint. The 3 was the best
1.0,"After seeing that reviews here on Amazon were mostly positive and that the same company that made the entertaining Carnival Games made this, I bought it.

Mistake.

The controls are TOO responsive even after some self-troubleshooting. The convoluted control schemes don't make things more fun; give me simple. The games are simply not entertaining.

Those looking for some easy-to-pick-up mini-games should look elsewhere or even at the superior Carnival Games.","Big Top, Big Fail"
5.0,Very responsible seller. Immediate delivery of the poducto. Recommended 100%. The Product is very usefull and important for actualize the wii software.,Wii Net Connect
5.0,"One of the greatest video games of all time, full stop. Great gameplay, a gorgeous, deep setting, a gripping story, a deep, complex, likable protagonist and a great supporting cast make this the best addition to Xbox One backward compatibility yet. Very, very, very highly recommended.",A MUST-HAVE for your 360 or XB1
3.0,Ok product,Three Stars
3.0,"Video game reviews are extremely subjective.  For that reason, I will list some caveats and you can continue reading or move on based on those.

1.  My first multiplayer CoD experience was with CoD4 (Modern Warfare 1), which I consider to be an extremely good game.
2.  I loved MW2, both multiplayer and spec ops.
3.  I was apprehensive of Black Ops at first, but ended up playing it extensively, more than any prior CoD, both by myself and with parties of friends.  It has many flaws such as terrible sound effects, but overall it was well supported and a lot of fun.
4.  I really enjoy Zombies, but am fully aware that the MW series does not contain this mode.
5.  I play the CoD campaigns, before doing anything else with the game, and eventually redo them on veteran and collect the intel for the achievements.
6.  I don't mind the game being nearly identical in appearance to MW2, because [see note 2]
7.  I don't own any Battlefield game and when I tried BF3 at a friend's house, I did not care for it...without teamwork, it was just a lot of running around the map. (I'm sure it is better with a cooperating team).

If this sounds similar to you, then read on.  If not, then my review probably won't suit you.  Please don't downvote a review because you disagree with the opinions in it.

As seen in my list of caveats, I enjoy Call of Duty in general and the Modern Warfare series in particular, so it was only natural that I pre-ordered MW3 and got the Hardened edition because 1) I could and 2) I thought the idea of getting the DLC maps early with the Elite Premium subscription was a nice bonus.

Upon receiving the game, I popped it in and quickly played through the campaign on ""Regular"" difficulty, my usual method for a new CoD.  I generally return to the campaign a couple of years down the road on a rainy day and play it on Veteran, cheaply using the online Call of Duty wiki to quickly find the intel items (I prefer not to poke about the map excessively while on Veteran mode).  I was fairly happy with the campaign; people have been saying it was short, but it was no shorter than any prior CoD.  I completed it in 5 hours on Regular.  The campaign, as usual, featured a nice variety of actions ranging from standard run-and-gun to the typical stealth mission and a couple of neat additions such as a remote-control miniature tank.  The feel, graphics, and handling of the game were nearly identical to MW2, which I both expected and enjoyed.  MW2 was a well-made game.

Upon starting up multiplayer, however, my feelings about the game plummeted to an all-time low, and have unfortunately stayed there.  In the past, I could not get enough of CoD games.  I would play for hours, then end up on a losing streak and finally quit.  Within another hour or so, I would be refreshed and eager to play some more.  I racked up nearly 40,000 kills in Black Ops in about 10 months, which is far fewer than many people, but still a significant amount for someone with a full-time job.  With MW3, on the other hand, I am not even halfway to my first prestige, and would honestly not care if the disc caught on fire and was destroyed.

Why this sudden change of heart?  I have several reasons for really, really, really disliking MW3 online.

1. LAG.  I have a good internet connection and experience no lag (or minor) on all other games.  Borderlands, Black Ops zombies, 75% of Black Ops multiplayer, Forza Motorsport, you name it.  Smooth and clean.  Then I play MW3, and EVERY SINGLE MATCH features significant and sometimes intolerable lag.  This is not OK and leaves me nothing short of infuriated.

2. Maps.  In prior CoD games, the maps were unique, distinct from each other, well-made with good hiding spots, cover, and open areas to watch out for, and in the case of Black Ops, interactive features such as doors.  Areas of the map could be quickly identified to teammates with simple words.  In MW3, however, all the maps seem remarkably similar.  Many of them feature recycled buildings from MW2, which seems slightly cheap since the game developers had 2 years to work on it.  Finally, most of the maps are so cluttered with debris, narrow alleys, and multiple windows, that employing any sort of strategy is nearly impossible.  My ""strategy"" has been to run around haphazardly, shoot at people, and hope I have a better connection than them.  Keep in mind that I was a fairly solid Black Ops player who could move systematically around the maps and nearly always achieve a kill/death ratio greater than 1.  Not the case with MW3.

3. Spawns.  Due to the cramped nature of the maps, enemies will frequently spawn behind you and quickly get a cheap kill.  The spawn mechanics are nothing short of terrible.

4. Killstreaks.  The developers may have thought they were doing people a great favor by making the killstreak rewards chain together (i.e., kills given by a killstreak reward count toward the next reward, as was NOT the case in Black Ops), but what this ended up doing was causing what I like to call a ""killstreak fest.""  The entire game consists of announcements about the next incoming helicopter/stealth bomber/spy plane/recon drone/etc. as aerial attacks bombard the playing area.  Normally I would say kudos to those people doing well enough to achieve those rewards, but when their bomber granted them a helicopter, it's not so impressive anymore...just annoying.

I will say right now that I cannot give a complete and objective view of the multiplayer modes in MW3.  I simply haven't played enough to do that.  And the reason I haven't played enough is that I don't even want to.  If a game is not fun at all, I am not going to force myself to play it.  Sadly, this is the case with MW3 online.  Some people might quickly throw out the ""you're just bitter because you suck"" line.  I will not deny the fact that I ""suck"" at MW3, but once again I have been a moderately successful CoD player in the past.  Not being familiar with the game's nuances is certainly part of my trouble, but the above mentioned problems are also a big part and a great deal of the reason why I don't want to play and therefore WON'T get better.  I was terrible at Black Ops and MW2 when I first started, but found those games fun enough to keep trying and eventually overcome this.

Finally, the game contains the spec ops/survival mode feature, which can be played solo or co-op.  This is a fun part of the game; spec ops is basically the same as MW2 with new missions (I enjoyed this in MW2) and survival mode is new but is a wave-based mode like zombies, except that the enemies shoot back.  I find it rather enjoyable, if not very difficult when multiple Juggernauts spawn and begin closing in.

The game is not all bad.  The graphics are about the same as MW2, but it is hard to expect great improvements on the same generation of console.  The 360's graphics card and processor can only do so much.  The sound effects are awesome and a huge step up from Black Ops, whose guns sounded like airsoft replicas or worse yet, someone spitting into a tin can.  The new create-a-class features which include Weapons Proficiencies and more customizable options are a nice progression from the previous titles.

And now, a word about Elite.  Unless you are really desperate to acquire the DLC maps one at a time each month instead of in packs, there is little reason to purchase the costly Elite Premium subscription.  I have a year free due to buying the game's Hardened edition, and therefore won't have to pay for the map packs because they are included.  However, even if I finally get into the game and start enjoying the multiplayer, I won't be renewing that subscription.  The free version of Elite is quite sufficient, in my opinion, and actually a step backward from Black Ops, which contained many of those features (Combat Record) right there in the multiplayer instead of in a separate and standalone application.  The loss of player cards and the associated info seems like a serious downgrade from Black Ops, but I guess Sledgehammer/IW had to do things differently from Treyarch.

Overall, I am not particularly happy with MW3.  It has its good points, and the co-op modes are quite fun, but the multiplayer is riddled with problems and lacks the compelling addictiveness of the prior games.  Again, much of this is my opinion, but I feel that I am not alone in thinking this way.  Unlike other reviewers, I will not claim ""If you liked MW2, you will love MW3,"" because for me this is completely false.  Judge carefully and buy at your own risk...or rent.  I should have done it that way.","Despite qualifying as a ""CoD fanboy,"" I am not impressed."
1.0,Package was opened and taped back shut and looked horrible. I purchased this as a gift would not go through this seller again. The skylander looked like it had been used and then data reset and put back into package very poorly.,Package was opened and taped back shut and looked horrible. I purchased this as a gift would not ...
5.0,"He LOVES this! Plays it just about every day. My husband and I play it with him sometimes too and it's pretty good. Disc came without scratches, plays awesome, case was in excellent condition, cover art great. All around a good buy, definitely worth the money.",Bought for my son
2.0,Continually fell off or interfered with gameplay.,Junk.
5.0,Work just as well as the old cymbal expansion.,Five Stars
5.0,"Excellent product , thank you",Five Stars
5.0,ty,ty
3.0,Too hard in easy mode...,Three Stars
5.0,The ps vita is in new condition looks nice responds really good the reason for the 4 stars is because of the lack of wifi connection dosent last so im not sure if its the system because my android phone and xbox one connect and stay connected but the ps vita dosent and it shows 3 wifi bars but its cuts off and says time limit reached when its only 1 second or 5 seconds while im watching a video or trying to download a game it stops and is very annoying and kills the joy of having this happening every few seconds very disappointed .but i still love  it oh and the x and o button are reversed but you can change that option on the vita itself.,The ps vita is in new condition looks nice responds really good..
4.0,"Love the feel of this, make the Vita feel a lot..""A LOT"" more comfy and natural. I don't have huge hands but when trying to use the Vita, its not very comfy and natural feeling.",Look & Feel +
4.0,"I really like this game, but I can't say I love it because the dialogue is terribly written and boring. I kind of get the sense of the story but the dialogue is all in rhymes which are not clever or entertaining, the characters are all bleh boring. What makes up for it is the very fun battle system, similar to grandia with a bar that tells you which character goes next, you can time your attacks to interrupt enemies and knock them back, if you do it well enough you can win a battle by just interrupting enemies and never get damage done. The game is not real deep, in that the many of the characters feel just like the others, except for Aurora the main character and Finn your mage they are pretty similar in abilities etc. Despite it's flaws I do like this game, and for $15 definitely worth it, and if they made a sequel (with a new writer) I'd buy it. If I could give it 3.5 stars that would be perfect but I think it's closer to a 4 star game then a 3 star game.","Amazing art style, great music, very fun battle system, mediocore/confusing story"
5.0,It's a clear Logitech knock off but this things great. The software is easy to use and it feels extremely comfortable. I've used it for over a year and never had an issue. It's very well constructed.,My favorite mouse!
5.0,"I thought the Sony one is good. This is freaking spectacularly good. So easy to put on and its quite durable too. Made out of good material that's for sure. Every vita owner should have this on their PS Vita, its a must. Man, I love this screen protector. I've never bought a Hori product before. Judging by the quality of this alone. Im a Hori fanboy for life. Im gonna pick up more of these screen protector cause they are so good.

I have tried the Sony, ArmorSuit Military Shield, and This. Guess which one is my favorite.",WOW
4.0,"People kill Madden and EA in these reviews every single year.  It's been a long time since they've put out a version I couldn't put down to be sure, but this is the best iteration in at least the last 6 years.

I play Madden for franchise mode.  Specifically owner mode in franchise.  I'm glad they brought back owner mode, it is however lacking in a handful of ways when it comes to actually being an owner.  You can only hire a head coach, trainer, and scout.  Unlike ancestors to this game where you could actually hire coordinators, such is not the case with this game sadly.  You can make upgrades and renovations to your stadium, they are however very generic, not creative, and deteriorate quickly even in the newer stadiums.  Gone are the days of adding a new diamond vision, putting in custom irriagation or adding restaurants, internet access, or other fan comforts.  There is an option on the dashboard for making comments to the media, but there is no way to actually do so.  I think it's probably for another mode.  The scouting is somewhat improved, though I miss the days of being able to put prospective recruits through drills at a combine.  Also, it would be cool if I could create a player that could be added to franchise owner mode.

Gameplay itself feels better than Madden 13.  The running mechanics are a HUGE upgrade, it's actually fun to call running plays.  I find myself feeding the running back nearly 20 carries a game which makes the passing numbers more realistic.  I struggle with motion calls on offense, it seems you are only allowed 1 desigated player that is eligible for motion.  That kind of stinks as I have in the past used motion to get a read on defenses.  Graphically the game is stunning between the lines, the sideline shots are still a freaking joke though.  There has been no effort to make the sidelines look right in any version of Madden ever though.  The commentary is dull, repetitive, and not at all reflective of what is actually happening on the field.  Phil Simms like to point out how I ""overthrew a receiver"" for instance when in reality it was underthrown and broken up by a defender.  This is just one example of how the play by play call is very lame, hasn't been decent since it was Madden himself.

I am being a bit generous with 4 stars, it's really more of a 3.5.","Some value here, at the right price"
5.0,It was brand new as stated and received very quickly.  This is a great platform and has great games to play on it.  It is lots of fun for the whole family.,WII game
5.0,"My son had been asking for this game for so long after finally placing my order, i recieved it in mail few days later, the excat day i got it Color Splash came out and of course my son being the you tube junkie he is, this game was quickly knocked off the list and replaced...little does he know, hes getting this one for Christmas and not Color Splah",funny little story
5.0,excelente,Five Stars
2.0,"I honestly expected much more.  The enhanced graphics on the games didn't seem all that great.  I am waiting for the new Halo, this if you get for free or real cheap is fine, but sometimes its best just to leave games in the past.  Really seemed like they were cashing in on this one.",I was very disappointed.
5.0,"I ADORED this game on the Vita, and this is an excellent remaster of the game I remember.  The sense of vertigo and exhilaration is even better on the big screen, and you can't beat the $30 ($24 for Prime) price tag!  Great for fans of the original, and a must-buy for the many who haven't experienced Gravity Rush yet!",Even Better on the Big Screen!
5.0,"While it is a terrible marketing choice to not include one of thes with the ""New 3DS XL"" this product itself works as expected. No complaints from me!","Unfortunately Necessary for New 3DS XL, but Works as Expected"
5.0,"Love the game.. some of the controls are a bit difficult to get the hang of, but workable.  Do not go into the game expecting another Grand Theft Auto, it is so much more.. and thinking is required.  Good game, and two thumbs up.",Love the game
3.0,"I bought this game to support Game Arts, the makers of Grandia... My favorite game of all time.

Their game direction has fallen a bit since the PS1 though...

This game is a cluster bomb of bright colors and trails, confusion, and obscure objectives.
Most of the time I had no idea what I was really supposed to be doing, and just shot down whatever enemy the game decided to highlight. Eventually though, you really have to focus if you want to progress, and I just found the process to not be all that much fun.

The controls are finicky and even on the lowest sensitivity I was jerking my ship back and forth trying to center it on a target. You have an overdrive, but it's only really useful when you are very, very, very far away from a target... So... It's not that useful in this game.

The story isn't all that compelling either, though the dialogue isn't bad, the voice acting could be better.

All in all, this game looks better than it plays..",Not too good.
5.0,"I've always loved watching Wheel of Fortune on TV.  The game is not too bad if I say so myself.  Other than the replay value not being as high because of nothing really changing in the game modes and such except the backgrounds, this is a good game to play with the family and I like how you can use your Mii to play as well.",Wheel of Fortune.
3.0,"Lack of games and childish interface make the Wii U a Netflix machine.  Kids like the Mario games, other than that this really isn't worth the money.  Skylanders lasted about two days before the kids were bored with it.",Kids like the Mario games
5.0,"Another Grand Theft Auto game!  You get to fly helicopters, jets, drive expensive cars, do a lot of missions, and the weapons are pretty cool too.","One of the games ""we've all been waiting for""!!!"
4.0,"Dropped right in without a problem. The texture along the edge is nice looking, but not quite as functional as I hoped. Put in a thumb stick cap and you're good to go.",Perfect fit
3.0,after a few months of having this it starting to act up buttons starting to not be functional and doesnt respond to my inputs,not as good as i thought (update)
5.0,"I still haven't finished Bioshock one, far from it, but had to get Bioshock 2 because it's online multiplayer.  Fun game, good graphics.  A bit hard for me but I'm getting the hang of it!",Love it
5.0,"Great product, fits in my palm. Not too big, nor too small, it's just the right size. It also feels like something durable and long-lasting.","Great product, fits in my palm"
5.0,Cute game kids like it,Good game
5.0,"My wife and I play this alot! You can use the GameCube controller which I prefer because it gives ease of steering. The package come with the wheel for the remote which is fun bun not the best way to drive for either of us. The game has tons on n64 games and is a joy! This is a must buy for all mario fans..you even have donkey kong and diddy kong..and classic track for your gba,n64,GameCube,ds,and other classic stages! Happy gaming is guaranteed!",endless fun for the young and married!
5.0,Great game Works great.,Five Stars
5.0,Luigi Mario's little brother has to save his brother Mario from a terrible fate from ghost and ghouls in this New Adventure Starting Luigi,LUIGI TO THE RESUCE!!!!!
5.0,"Great game, excellent game play, perfect price.",Great game super price!!!!!!
4.0,Another fun driving game,Fun especially with a wheel and peddals
5.0,"Perfect. Its a fun game, and its just challenging yet simple for everyone to play. I recommend this game. 5 STARS!!!",Awesome Game
4.0,"Ah yes, yet another edition to the ever growing Tomb Raider franchise. I own this on the Wii, and while it seems like an unconventional platform, it was quite fun on the console. During the Steam summer sale (and the Amazon sale), I saw the game or $1.79, and I thought there would be no waste of money.
The game itself is very fun, putting aside the fact that the graphics are from 2007. The controls are smooth and clean, even with me mapping them to a controller. The storyline itself is very stable, but there are a few glitches if you are playing on a Windows 10 64-bit. I did notice that there is a black line going across the screen every so often, similar to on an old TV. But overall, the game runs fine.",A fun game
5.0,Very good,very good
5.0,muy bueno,Five Stars
5.0,"I had played the C&C games on my PC, but was looking for them on xbox and was not disappointed at all when I found them",great
5.0,"childhood favorite, and being able to play it again was pretty awesome. The only downside I say is that it is a very short game in my opinion.","childhood favorite, and being able to play it again was ..."
5.0,"If you have an iPhone 5 or 5S, then you can turn it into a gaming system. Your iPhone sits inside of this device.",Apple Gaming?
5.0,"Compared with the previous limited edition of Assassin's Creed this one is the best in my opinion. The figure is very impressive and the most dynamic out of all the AC:LE releases.

The game itself was very enjoyable. It evolved a bit on the introduction of ships in 3 and added interesting alternative gameplay.",Another great limited ed set for Assassins Creed
4.0,gift,Four Stars
4.0,soaked my last one..... just a similar replacement,Four Stars
4.0,Fun game. Just make sure you don't buy the Wii Speak Microphone. Just use you controllers. The microphone is a joke on here. Without the microphone it is a fun game.,Fun game. Just make sure you don't buy the ...
4.0,This took me a bit to get used to using but once I did it's great.  It works perfectly every time.,Cool
5.0,Very good sev.,Five Stars
4.0,"Adequate, good graphics and story, pretty good length for the money, but going into the final scene you are 44% completed.....and that isn't a long scene, just a Boss fight.",good graphics and story
5.0,niece loves it,Five Stars
5.0,Very happy with the item,Happy
4.0,Very fun and made more for the casual gamer (which I am)...but NOTHING like the WOW I remember.,Four Stars
5.0,Keeps the battery pack charged for at least two or three days of heavy playing.  A great replacement for expensive batteries and other rechargeable packs.,Awesome!
4.0,"This mouse is great for gaming, as the DPI can be adjusted with a centrally located button. Weights in the bottom allow you to further customize the mouse to fit your preference. I have only two issues with this mouse. The first is that it would disconnect from my laptop every time the laptop went into sleep mode. This issue does not occur with my desktop. The second issue is that the mouse would sometimes turn on during the night if a background process started up on my computer, which required me to get out of bed to either unplug the mouse or turn off the computer, though this only happened a few times. Overall, I do like this mouse and the blue lights are much less annoying than the red ones that are equally common in today's gaming mouse market.",Good Quality Gaming Mouse
5.0,Awesome Game!,Five Stars
4.0,it's ok,it's ok
5.0,Item as described.,Five Stars
5.0,"I bought this headset to replace my Turtle Beach x32's . This headset is more comfortable and completely wireless. All though it didn't come with a charge cable, I had one laying around. It is the same charge cable that you charge your ps3 controller with. The plastic did squead a little after I raged and threw it on the floor.",Great Headset for pc
5.0,Excellent,Five Stars
5.0,My son and my daughter both love this game.  It is not too hard nor too easy.  It keeps them interested for a long time.  The price was good also.,Great
3.0,"I've seen many people compare Way of the Samurai 3 to the first Way of the Samurai. They are similar in many ways, but also quite different. Here's what you can expect in WotS3:

Graphics, Sound, Menus, etc
---------------------------
Everything is okay. Nothing is great. It feels like you're playing a late PS2 or Xbox game more than an XBox 360 game. All of the WotS games have been a little light on graphics and so forth, so it's to be expected. However, two things annoy me:

1  The time it takes to get to a menu and back (especially for your map) is far too long.

2  An annoyingly loud THWACK blasts from your speakers every time you bump into a bird. Sometimes the birds get stuck between you and something on the ground and your house will tremble with the THWACKTHWACKTHWACKTHWACKTHWACK... and on and on until it unjams.

Overall, nothing too horrible.

Locations
---------
WotS3 has more locations to visit than the previous games. However, there doesn't seem to be much worthwhile to do in the locations. Events don't generally just happen in front of you and you get a chance to respond. You tend to initiate every little thing going on. Because of this, the world feels less alive and more of a chore to get to anything fun.

Quests
------
I kid you not, the first quest I got was to find a grandmother's lost underpants that she lost somewhere in a battlefield. I never did find them, but spent 2 hours searching the dead and looking in every nook and corner I could think of.

Some of the quests are fun, but most don't give you any variety in completing them. For instance, for one quest somebody has dishonored a guild. You are instructed to intimidate him until he leaves the guild alone. However, there's no way to intimidate him except to beat the tar out of him with the flat end of your sword. You couldn't scare him with unsheathing a blade, sneaking up behind him and pushing him, figuring out where is family lived and teaching them a lesson or any other option. You just had to beat him up.

Also, it takes so long to find a quest worth doing that when you finally get one that feels like it might be fun and turns out to be a dud, you get a little annoyed.

Difficulty Variance
-------------------
All open world games have some trouble figuring out how difficult different enemies should be. However, WotS3 is way too far off. You may be working on a story arc and then you'll either need to win an impossible battle that is critical to the plot or you'll be waylaid by a bandit that is impossible to beat.

Now, eventually you'll beat them. You'll gain in power and you'll get better weapons, etc. But even after several play-throughs, I've still not gotten to any end of a story arc.

Save System
-----------
You talk to bards and they'll save your game. I like this system better than WotS 1's system of ""no save until you win or die."" Also, WotS 3 likely takes several hours to beat (I've put in 9 hours over 3 consecutive games so far without getting close to beating it).

Combat
------
When you're fighting a fair battle, combat is fun. You block and attack while also moving your weight around to get them off-balance. In an impossible battle like I mentioned above, it's frustrating -- especially when there's no good way out of it. The enemy will hit you so much harder than you can hit that you'll just drop quickly.

What is there to like?
----------------------
There's still tons to do, and that's what this game is all about. It's about discovering characters and experimenting with cause and effect. I know that with enough time, I'll learn all of the characters and I'll build the best weapons. There's still lots of story to uncover and combat styles to learn.

Conclusions
-----------
This is a niche game for sure. But I thought I'd fit into the niche better than I did b/c WotS 1 is one of my all-time favorite games. I would strongly recommend trying this one for a few hours before buying.",Much different than the first Way of the Samurai
1.0,too difficult and not enough hints to even be bothered playing this game. I hated it,I hated
5.0,Great product!!!,Five Stars
3.0,I haven't enjoyed most of the sims 3 expansion packs speaking as someone who owns all expansions and stuff packs from the sims series. This one adds a new layer to the game with the weather system and activites for each season.,One of the better Expansion packs
5.0,Thank you,Five Stars
5.0,Very Fun!!! My daugther is happy,Five Stars
5.0,"Loved the original, and was totally excited to get this remake. Very impressed with the graphics, it looks great! And the game play is just as good as I remember it.",Awesome game
5.0,"nice KF, probably the best themed ones too",Five Stars
4.0,"Kind of a pain in the butt to get lined up, but once on it works great!",but once on it works great!
1.0,"Online still required? WHY? It's a singleplayer console game. No other Hitman has required online. It also loads too damn slow, like most games this generation. p.s. Why the hell is it steelbook only? That's not a ""Standard edition."" The only good steelbook game case I've ever seen was the one for Perfect Dark Zero. Others always have these terrible disc holders.",Why is it online required?
5.0,The game provided hours of entertainment for the whole family. I was satisfied with my purchase and would do business with you again.,I love it
5.0,"Absolutely love this thing. Playing classic Nintendo games on my phone is now a perfect experience. It's not uncomfortable, despite what its size may suggest.
My Nexus 6 identified it right away as a gamepad, and its always been a flawless Bluetooth pair everytime I turn it on.",Works perfectly
3.0,The cover picture says is a Day One Edition insted I received a regular version. Please check.,Good Game but different version
5.0,Get a bigger one,Five Stars
3.0,"The game came shipped just fine, when playing it I can't help but feel like it could've been better. The scenery is very generic and can become a hindrance due to poor camera angles.",Ok Game
4.0,"I was really disappointed that the first Ttitanfall was only on Xbox because I did enjoy playing it. I am happy to say though that the fun of the first game has not been lost for the second. The gameplay is smooth, consistent and fun. There are plenty of new things to enjoy as well, Titan and Pilot customization is richer, there is a campaign mode (finally) and there is a healthy amount of game modes to select from in multiplayer. All in all, it is a good game, but for me, I'd rather spend more time playing Battlefield, Destiny, GTA V or even (dare I say) Call of Duty. While the game is good, there just isn't enough incentive for me to come back and keep playing everyday, at least not yet. Respawn has said that all DLC will be free, so perhaps there are still some surprises left. I will still be playing this game (after all I have been waiting to play Titanfall on the PS4 for a long time) but only a few times a week though.","Good game, but not a daily game"
5.0,"I still have to get used to playing to the new version which is 3D, but it works perfectly well and the item arrived earlier than expected.",I still have to get used to playing to the ...
5.0,This is a great lego dimensions pack if you own the game. It contains essential characters that you will need while playing the game. I recommend buying this pack if you already own the Lego Dimensions game.,A great Lego Dimensions pack
5.0,Love this game! I got it on sale for $50 which was sweet!,Great game! Great Price!
4.0,"This game is soooooooooooo fun and cute !!!!!!!!!!!!It's super easy to! The pets are sooo funny and cute !They even say things like PAW_SOME!I thing thats PAW_SOME!They usually pick ME on the BLUE STARS TEAM!!!!!!!!!!!I really think it's PAW_SOME!!!!I love those littlest pets!

Written by my 8 year old daughter and she loves this game!!!!!!!!!",COOL BLUE STARS!!!!!!!!!!!!!!!!
5.0,Very happy,Five Stars
2.0,"This is a really clever, interesting game. Kind of like a 3D Mahjong where you have to match blocks (number & color) to clear the board, but you have to spin & rotate the board to find all the matches.

The downside is that it is INCREDIBLY glitchy. It downloaded and played fine the first time, but when I tried to run the game a second time I got an error message. It wanted me to insert a disk, but since it's a download there is no disk. But what was REALLY annoying is that the error message FROZE my computer. No mouse pointer and none of the keys would respond. It took Ctrl-Alt-Delete to bring up the task manager to be able to close the error message box. To my complete surprise, the game continued to load...but then the error message was back. I had to go through the error message rigmarole three more times - and then it played fine. It does this EVERY time you start the game. Really, really annoying.

The other problem I have with the game is that once it's running, don't make the mistake of moving the mouse outside of the game screen. If you do, anything highlighted will ""stay."" Meaning, in Win 7 you can move the mouse to the icons at the bottom bar and get a little ""preview"" box. Usually when you move the mouse away the box disappears, right? Well, not if this game is running. The box stays, which blocks the game screen, and so do any other routine message boxes that pop up. There's no way to get rid of those boxes because Cube 27 won't let you CLICK on anything outside of the game screen. Also VERY annoying.

The game itself is fun, but quite honestly I can't get past level 1-3. Not only do you have to beat the clock, you have to get a certain score, which apparently I can't seem to get even though the board is cleared in plenty of time. It isn't just matching - there's bombs and ""power ups"" and other features that apparently you have to figure out in order to boost the score enough to pass the level. I guess if you're competitive and like a challenge, then you'll love that feature. Personally, I've cleared that board three times and ""failed"" each time, so I'm rapidly starting to lose interest.

Those with great spatial reasoning skills will probably like Cube 27...either that, or it will give you motion sickness. It's probably a lot of fun for the competitive types, but maybe not so much if you just like relaxing games that let you zone out a little (like Mahjong). If I paid money for this game I'd be disappointed, but hey, it's free, right? So I guess I can't complain too much, lol.",Clever game but VERY glitchy to run
4.0,"bought it new with a very cheap price , its easy to hook up and set up and the playstation package is really good too .

quality is average but it gets the job done

works as a PC camera too so it's a double win",not bad for the price i paid
5.0,Thanks for reuniting me with my childhood!,Five Stars
5.0,Love this mouse just wished it had 4 more button,Five Stars
1.0,You want to know 1) play station plus required for multi player and 2) 30 fps BS  ... love FROM SOFTWARE but HATE!!!! all the sony BS,love FROM SOFTWARE but HATE
4.0,"It's a fun game, but I wish there was a different game they would have bundled with it. The reason is because this bundle comes with PS Plus, and one of the games you get for free with PS Plus is Uncharted 3. Still, the cost of PS Plus is worth it in this bundle.","Fun game, but it's also included in the PS Plus package"
5.0,great,Five Stars
2.0,"I really don't know why I don't enjoy this version as much as I do ""Little Shop Of Treasures"" which I still play occasionally,but it just feels that it is never going to end,and in fact I have not finished it! I always end up getting bored and go play another game. I would recommend ""Little Shop Of Treasures"" instead,if you don't have it, Abra Academy,or Mystery P.I: The Lottery Ticket,Mystery Legends: Sleepy Hollow, Big City Adventure:Sydney,Australia,or Mystery In London: On The Trail of Jack The Ripper.","It's Ok,good graphics,but feels never-ending!"
4.0,"UFC Undisputed 3 is ""BIGGER. BADDER. BETTER"" that should have been the tagline for this years game instead of being wasted on that WWE crap. THQ was pissing me off with the long wait time. First they take a year off, cool, if your going to take a year off to get things right then I am good with that. Then they set a release date for Jan. 3rd of this year but then push the game back to the 14th of Feb. Now after playing the game it was worth the wait. Career mode doesn't have that annoying stat decay. Gameplay feels more fluid. Submissions (even though the big octagon covering the screen looks stupid) are more easier to pull off and it doesn't feel like the game is cheating you out. Pride mode is fun as hell. Shogun Rua is one of my favorite fighters of all time and being able to soccer kick someone's head in brings back memories. Well worth the 60 for this and I hate THQ but they got this game right. Could it be better? Yeah, but I ain't complaining.",good game
5.0,"Fun game! Good exercise! Mario, and incorporated. Fun different characters. Great game for all people, friends, family, kids.",Mario Tennis
5.0,Enjoyed the game. fast delivery,Five Stars
5.0,"I was extremely excited to hear the news that Samurai Warriors was making a return to Playstation and on the PS4 at that! I've been playing since Samurai Warriors 2/Empires/XL and I even backtracked to the first game because I enjoyed the series so much. I'm almost completely done with the game and I must say, I'm impressed with the visuals when other characters start talking to each in the new dialogue scenes.
  CAW is here and stronger than ever! Chronicle Mode is a CAW experience where you take your character all through Japan on a map and meet and befriend other officers and learn their stories. In this mode, you can purchase new armors for your warrior and you can edit your warrior at any time outside of battle. Your warrior will have special dialogue scenes  with officers where you have to choose a response; responses are either good or bad. This is truly an exciting way to see your warrior come to life in the game instead of just battling all the time.
  A lot of DLC has already been released for the game and I'ce managed to get a few packs. For me, personally, I didn't like some of the extra armor packs you can buy for your CAW; I only invested in one. They have a horse set (and 2 stand-alone packs) that offer some mystical design horses to give your game a fantasy appeal. The stats on the horses are almost perfect, but still not as good as Matsukaze. Still, I recommend this DLC because not only is it just $2.99 for the set, it adds 4 new horses and instead of having all your officers ride Matsukaze, you can switch it up with these new horses. Next on the DLC list, they have the Weapon Set (also stand-alones) that allow you to access to level 5 weapons instantly instead of waiting for someone to upload a guide on how to get the level 4 weapons or grinding in Chronicle Mode. It makes the game really easy, but I decided to buy this pack after I completed most of tbe game and went back through to train all my characters. I have not played any of the new scenario packs but I plan on buying them all because it adds to Story Mode.
  To extrapolate, if you are a hack and slash fan who enjoys any of the warriors series or maybe you like ninjas and samurai, this is definitely your game. I leave the rest of the game for you to discover!",SW returns to Playstation!
4.0,todo bien me gusto es muy bueno este juego y a mi hijo le fascina quede conforme con el producto,bueno
1.0,"Complete garbage. The box says that it works for the Les Paul PS3 guitar, but it doesn't. The pack looks like you stuck two batteries together. Batteries have a connection on each end. One side of this battery pack has a connection on each end. The other side has nothing. You can't run the battery in a Guitar Hero guitar if you don't have the 4 connections of 2 AA batteries. This is complete garbage. It's useless. It's taking everything that I have to keep from swearing. If I had known that this wouldn't work with any Guitar Hero guitar, I wouldn't have wasted the money and just bought actual batteries. Please. If you value your sanity, don't buy this crap. There's no point to it. You can't use it for any Guitar Hero guitar. Stay far away from this. It amounts to nothing more than bird droppings.",Steaming Pile!!!
5.0,"I was on the Xbox live market and wanted to buy something but didn't have the required points. I didn't feel like going to the store to pick up a card. I went on Amazon and just got the code. So much easier and more convenient. I got the points instantly, didn't even have to leave my house.",Great
5.0,THIS IS THE BEST GAME OUT THERE AT THIS TIME. I LOVED IT ON PS3 AND REALY LOVE IT ON PS4. I WOULD SAY IF YOU DO NOT HAVE IT GET IT.,THIS IS THE BEST GAME OUT THERE AT THIS TIME
5.0,"This is the remake of the second installment of the Final Fantasy series for the Famicom. It was not released in occident in its time, so maybe you missed it. It has nice enhanced graphics and entertaining gameplay and history. Overall, it is a nice classic RPG.",Nice piece of video game history
5.0,"There isn't a lot I can say about this game. Well, there is, but its one of those things you just have to experience firsthand. The combat style, the powers, the abilities, the enemies you run into, it all is so amazing and fantastic, you really have to just do it yourself.

This game in particular is one of the better games I have ever played. The story line is WONDERFUL, the characters are great, the combat is unique, and the general older-timey feel of the game (like the addition of the music which is pretty much the highlight of my whole gameplay experience) is pretty sweet. This game has twists and turns that you wouldn't be expecting otherwise, and really is a fantastic play. I have gone through it a few times and know I will do more and more as time goes on. The Bioshock line of games is very exciting, mysterious, difficult, but rewarding. The boss battle in this game isn't much to speak about, you can run through it REALLY quickly, but other than that, this game is nearly the perfect gaming experience. Do yourself a favor, play it.",The most fun you'll have in a city under the sea.
5.0,Works great but the sound quality is very bad you need a six button controller to change your weapon so but looks better the super Nintendo version,New
3.0,OK,Three Stars
4.0,"The most important thing to know about LOTRO when comparing it:  This game brings nothing new to the MMORPG realm other than its quirks and theme.

To some (like myself), this will be enough to interest you.  After playing a multitude of MMORPGs (including WoW), I've concluded that the core fun factor to these games is progression.  I like it, but I can't progress without a fresh world to explore.  This is why I appreciate LOTRO.  It's a fresh world to explore, with its own very popular theme, style, and expected MMORPG content with few innovative quirks. It offers a deep MMORPG experience with its strong music, pleasant visuals, and familiar themes.  In some ways the LOTR theme seems skewed and contradictory to the gameplay.  This is a major issue for the theme, but it still remains a moderately entertaining grounds for a game.

To others, this game will be just another boring MMORPG exercise because, as I stated before, nothing new is offered by this MMORPG other than its quirks and theme.  I might even say that this MMORPG is lacking in content as compared to other MMORPGs, as it has a lacking PvP system and some other common MMORPG conventions.  In the end, it will be up to you to balance between the worth of generic MMMORPG content and the popular LOTRO theme.

Until then, I'll be in Middle Earth.  =)",Comparing LOTRO to other MMORPGs...
5.0,Fun Game,Fun Game
5.0,"I like a good variety of games.  For my PS3 collection, I want a little bit of everything for whatever mood I may be in.  This is a great sporting game to unwind with.  I like the gameplay quite a lot, and the nature element is terrific.  It gives you options to hush up the announcers and whatnot - so if you're eyeing this game because you like Rapala's PS2 games, but the YouTube footage for this looks like it might be too obnoxious and noisy, don't let that hinder your decision - you can shut all that sports center noise off.  I put this one off for a little while, and was upset with myself that I had once I got the game.  I thoroughly enjoy it.  I love fishing games, but am particular about the ones that suit me.  I liked the Rapala games on PS2, and am very happy with the Rapala, here, on PS3.  The scenery is wonderful, the characters are appealing, and of course the fish are awesome.  Some games are high tension, but this one is a good one to relax with and still be competitive with your gaming.  I love the Rapala fishing games.  A+","Nice, fun game to relax with!"
5.0,"The game is really good, Cole returns with more powers and stronger than ever. The story is nice and lots of extra content with the user created missions, you get to create your own missions. The Hero Edition is really nice, with the statue and the famous sling backpack. The backpack is a nice size and it has the nice Sly Cooper Face.",Really nice!
3.0,"Bought this at launch and have barely sat down to play and beat. If you've played Gears before you've played this game. Reskinned, better graphics, same stereotypical Gears characters. The ""fish in a barrel"" mechanic is on full swing here with many levels. With  wave after wave of this with checkpoints too far between. So, if you die, expect to replay those waves all over again.  Not a bad game at all, but much of the same (which seems to be par for the course with gaming this year). I hope the next iteration improves the mechanic to bring us a better, improved Gears.",Much of the same
5.0,This product was purchase for my grandson for Christmas.  I was totally surprised to see that there was a game also included with the zapper. Thanks for the prompt service.,Good deal
2.0,this would be a nice game with out steam.,Two Stars
5.0,So much fun...some games controller is different from first game....still most  games are a step back in time and well worth the cash!,I'm a kid again!
5.0,He really likes the game. It is a lot hard than the ones he has been playing and may take awhile for him to learn all the steps.,Brought this for my Husband's Birthday
4.0,The game seems like it is a pretty fun side scrolling game that's kind of unique.  I haven't got to play it much on my computer because I was trying to playing on my laptop and it can't handle to much.  I set the game on lower settings and it seemed to have a little bit better frame rate but I haven't got to try it on the lowest settings yet.  The downloading process from Amazon was pretty  good and fast.  If I can get it playing better or try it on a better computer I'd say it would be a pretty good game that seems like it's got a great story to it.,Deadlight Download
3.0,Had to buy this to get my Kingston hyperX cloud headset to work on xbone. I do like the mute and volume options on the dongle here but I'd still prefer it all to be internalized like the PS4 controller has,Required for all headsets...
5.0,Great keyboard. The light are neat and the keys are just great quality.,Five Stars
5.0,PERFECTO,Five Stars
5.0,The kids play this game all the time and they love to collect the characters.,... kids play this game all the time and they love to collect the characters
5.0,perfect ,Five Stars
5.0,"Home run hit! Got this game for a cheap price for the children at my workplace & they absolutely love it! Amazing graphics, realistic gameplay. I recommend this game to any baseball fan. Go Cubs!",Home run hit!
4.0,"So I got Mario Kart 8 for my Birthday, and after about three weeks of playing it decided to do this review, first let me state that this is a great game on the U, I would argue as far as fun it's one of the best, but it has it's flaws, that keeps it from getting that perfect Classic 5 star score.  Now onto the pluses and minuses.

+ The variety of Karts, Motorcycles, etc. is amazing, each has their own stats, and can be customized, with different types of wheels, gliders, and parachutes. (Even Umbrellas)

- A lot of the Karts etc. no matter how you set them up, have very similar stats.

+ The graphics are simply amazing, the underwater scenes are jaw dropping, and the tracks, and design there of are simply awesome.

+ Anti Gravity racing is a nice feature.

- Unfortunately, while it's nice and everything, it really does not make much difference  in the game as a whole.

+ The controls are awesome, and fast and responsive.

+ There is a nice selection of characters, some new,and a lot of returning favorites.

+ The new power ups/weapons are fun to use when you get them(My fav. is Piranha Plant)

- Yeah, unfortunately there seems to be a huge balance issue concerning power ups in general, the computer on single player seems to have a unfair advantage.

+ The game play is fast, furious, and fun, if the tracks don't test your skill, your opponents certainly will.

- The battle mode is not as fun as it used to be, and quite frankly can be infuriating, and frankly as far as single player racing goes, every thing I don't care for in this series, is actually worse in this game, partially do to the unbalanced power up system. Mario Kart has always had that one opponent, that would always finish either right behind you, or even beat you at the last second, I guess this was to make the game more challenging, well, it happens here to, Mario Kart has always been more about luck then skill, (After all you could have the perfect character, the perfect Kart, and race the track perfectly, and still get slammed by a turtle shell, and end up dropping anywhere from 1 to 4 places and sometimes more) In addition, as in all Mario Karts, the CPU opponents drive perfectly, and a lot of times stay close together, but what can really be infuriating, is the CPU opponents seem to focus exclusively on you, throwing everything at you, you may find yourself hit by lightning, followed by a turtle shell, followed by you driving over a unavoidable banana peel, or being hit by a Boomerang, while the CPU completely for the most part ignores other opponents, and those are the reasons this is not a 5 star classic.

Overall, though this is a Very Good game, and quite possibly the best racer on the U. If you are a fan of the series, or love racing games,and you have a U, this is a must buy for you.",first let me state that this is a great game on the U
5.0,Both plates fit and hold very snug onto the back of my PSP-3001. I am definitely 100% pleased with this purchase!,Both plates work perfectly -PSP-3001
4.0,"Again, what was intended to be a game actually has some deterrent to mental aging. I purchased this and was amazed at how fun it was. I may be getting crusty on the outside but maybe this will help keep the mainframe inside in tip-top shape.",Big Brain Academy for Nintendo
5.0,My nostalgia when I played on a personal computer made me buy it. It has glitches like sunny finger stretching to hell becoming skin claws. Gun shots and voice loud enough to make me thing about shooting or talking. This game taught us the fun of actual iron sight aiming.  I recommend this if you haven't met Cassidy Rose or Veronica.,You and Lady Luck. Karma is watching.
5.0,Its fun,Its mario
5.0,great console so far not to many games yet so will have to see.,Five Stars
5.0,"Works wondefully with virtual console games and emulators. This adapter makes your SNES and NES controller into a Classic controller, but keep in mind, you WON'T be able to play games that use the control stick of the classic controller to move, since this adapter maps the Dpad of your SNES/NES controller as the DPad of the classic controller, hence, you won't be able to move in such games.","As always, good quality from Mayflash"
5.0,"I bought this game for a friend as a gift.  I was so excited for him.  Anyway, I have had this game and still play it.  I love it.  The free movement is great.  Wish it were longer but we take what we can get.  I played it on all levels as there are different aspects to achieve.  You have wings to earn and three levels of stars in three different levels to earn different and important medals such as the Medal of Honor (which have been the ""trademark"" of the Medal of Honor series).  As you play with each weapon, you get upgraded as well I think four or five levels with scopes etc.  That is helpful and fun so you can play the maps different each time.  Just a bonus to me. I enjoyed the challenge and the fact that you can use YOUR strategy not the creator's to move forward in the game and receive the achievement awards your way.  I do not play to compete but with myself. I am aware this game has been out for sometime but the price was too good to not pass it on to a friend.  The multiplayer aspect is limited now that it has been out for so long.  Not many playing it.  I have the latest MOH Limited Edition.  I think the word limited is the operative word.  Don't bother.  You have limited movement -- totally opposite of Airborne and the graphics aren't worth the money and shorter than Airborne.

Anyway, Airborne is a fun game to be enjoyed.  The music is great in it.  The people that sent it from Amazon?  Great service.  Got it a day or two earlier than expected.  If you have trouble installing it?  Check the Phyx software that is installed in the control panel of whatever version of windows you are using.  Uninstall it and let Airborne install its version.  There are some updates to install for this version of Airborne too.  Other than that it runs great.  My copy runs great too. My computer has been upgraded since I bought the game so it probably wouldn't help here.",airborne me
5.0,excelente  gracias,Five Stars
4.0,"Spyro is definitely one of my very favorite game series. While this game was incredibly fun. I was a bit disappointing with how much it was lacking compared to the other games. It was incredibly short and left out a good portion of the story. When making the game they basically cut it short to get it out in time for Christmas, which really hurt the entire story line and point of the game, as well as the long enjoyable game play. It was overall still a fun game, but there are long load times and you can tell at some points where things are missing that should have been there.",Fun But Short
3.0,"It works okay, I'm glad we purchased it but we still need more room in our living room. I didn't realize how much space you needed I could have bought our xbox for cheaper if I didn't buy this one but i wanted the kinect now wish I didn't.",Works okay
4.0,Very comfortable. Big help with my bad shoulder.,Four Stars
1.0,"The view is awkward and the characters do not respond when you try to ole.  Disney would not make the game good, I do not know about anybody else but it is the last Disney product I will ever buy.",A two year old made this game
5.0,Excellent system.,Five Stars
5.0,I was really impressed with the wonderful grafics.  The inside of the museum with all the pictures was awesome.  Good game.,Great Scenery and Good Mystery
5.0,Good game,Five Stars
4.0,Awesome product only negative is that some games have to be upside down in case.,Four Stars
5.0,"This is a cool game just because it's different and makes good use of the Nintendo DS system.  It's not a perfect game by any means, but if you like cars, you'll probably enjoy it as I do.  I think it'd be a great game for them to do a sequel to and add on to the concept - more cars, more parts to work on, etc.",Great concept!
5.0,"First of all, I am a HUGE fan of ""Real Time Strategy Games"" like this. Ever since I got Age of Mythology when I was in elementary school.
  Civilization Revolution is a turn based strategy game that gives you an elevated view of all cities you have discovered on the game map. The game gives you of factions such as the French, led by Napoleon, The Americans, led by President Lincoln, etc.
  The game is less violent and more cartoon-like than the previous games in the series, making it great for kids. In addition to this kids actually have to THINK when they play it, not just run around shooting or stabbing monsters or other people like in some other video games.
  The game starts in the Ancient era, then moves to the Medieval era, then the Industrial era, until you reach the Modern era and even a little after that!
There is also a wide range of buildings you can build such as Libraries, Factories, Shipyards, Barracks, Archery Ranges, and Traders.
  In addition to regular buildings you can build Wonders like: Stonehenge, Da Vinci's Workshop, The Pharos Lighthouse of Alexandria, The Himeji Samurai Castle, The Eifel Tower, The World Fair, and even The Manhattan Project.
  GOVERNMENT even comes into play in this game, you can have Monarchy, Republicanism, Democracy, Communism, Fundamentalism, and even Despotism.
  Finally, how to win the game. There are a few different approaches (as usual). Scientific, Cultural, Military, and Economic.
Scientific: Reach the Modern Age and build a spaceship to go to Proxima Centari.
Military: Wipe out three factions and hold all of their cities.
Cultural: Build fifteen winders and construct the United Nations.
Economic: Make all the other Factions go Bankrupt.","I can highly recomend this game, even for kids!"
5.0,"Many gamers wonder... what?? ANOTHER FPS?? WHAT WERE THEY THINKING?? What happened to the old Syndicate??

Admittedly, this is the nail to the coffin for the old style Syndicate that we enjoyed in our childhoods. But I am also glad they evolved to make something different.

At first glance, yes it is an FPS. (WHAT?? I rather play MW3 or BF3... ??) Hold your horses, the emphasis is different.

The campaign is fun but is not the real point of the game. This game is made for multiplayer. And the producers made sure to make this game different from the regular FPS.

First off, Co-op campaign mode. This is admittedly fun, and make up a large chunk of the whole game. It is well designed and very entertaining, with its own storyline. It is very hard to find a game with good co-op campaign.

Second, multiplayer online feels very different from run and gun. Teamwork is very important if you want your team to win. I shall not say too much to repeat what online reviewers are already saying, but that is the direction the game is heading.

Overall, it plays more like Left4Dead than Call of Duty. So, no, it is ""not another FPS"". Many people who had negativity towards the game changed their minds after trying the multiplayer demo.

So do not judge this game too fast. Try it/rent it/play the demo if you are not sure. You might actually enjoy it.",Not just a regular FPS
1.0,"Now I shouldn't get this game at all, seeing how the game is all fast action and hard hitting attacks. I like the anime, but the game is too hard, even when I had it on easy and very easy.",Big mistake here!
5.0,thank you,Five Stars
5.0,nice game,Five Stars
5.0,"(While as an adult, I like playing Dsi games, I would not be caught dead playing a Tinker bell one, so I will let my daughter review this, since I bought her one for Chrsitmas.)She says:

""I love it because you get to fix things, you get to talk to the different fairies, you get to choose different outfits for Tink. The mini games are fun. I like how pretty everything looks, and I like the different seasons although some were pretty hard to complete. At first it was not easy figuring out how to get places and what to do, but now I know and I play it a lot and really well. I have had it only since Christmas day and I have completed all the levels but there is so much to do that I am still having fun with it.  I want my mom to buy me all the other Tinkerbell dsi games.""

She loves it; the graphics look really clean, bright and pretty, and when I watch her play it she seems to be having lots of fun. So yes, I would recommend it to any one.",Disney Fairies: Tinkerbell review by 8 year old girl
1.0,"LETS PUT THIS VERY SIMPLE, THE GAME IS SO BORING, IT FEELS LIKE ITS NEVER EVER GOING TO END, DON T BELIEVE ANY REVIEW ABOVE 2 STARS... OR ANY GAME SITES THAT GIVE HIGH RATINGS TO THIS CRAP, I STILL REMEMBER READING THE REVIEW AT GAMESPOT, A PART THAT READ THE FOLLOWING :""THE GAME GETS INTESTING FOR A WHILE AFTER 20 HOURS"".... ARE YOU FOR REAL NO ONE IN A NORMAL STATE OF MIND ( BESIDES ME ) WOULD DARE TO BUY A GAME THAT GETS INTERESTING ONLY FOR A WHILE AND ON TOP OF THAT ONLY AFTER THE FIRST 20 HOURS, TIME OF YOUR LIFE THAT YOU WONT GET BACK.

THE GAME IS BORING RIGHT AFTER THE FIRST HOUR AND YOU START FEARING FOR THE WORST, BUT YOU KEEP YOUR HOPE UP AND KEEP ON PLAYING THATS WHEN IT GETS WORST, AFTER ABOUT 15 HOURS OR SO YOU START REALLY WISHING THE GAME ENDS NO MATTER WHAT IT TAKES, THEN AT THE FAMOUS 22 HOUR MARK WHERE THE GAME GETS EXCITING YOU NOTICE ITS STILL THE SAME AND NOTHING HAS HAPPENED, THIS IS NO EXAGERATION, THE GAME ENDS AROUND 55 OR SO HOURS, BETTER START TO THINK ABOUT BUYING A TURBO CONTROLLER SO YOU DONT HAVE TO PRESS SO MUCH THE X BUTTON CAUSE THATS ALL YOU DO IN THIS GAMES, IT CAME TO THE POINT THAT I WAS BEGGING MY FRIEND TO TRADE IT FOR A SCRATCHED LEGO INDIANA JONES GAME THAT BELONGED TO HIS LITLLE BROTHER AND HE HASNT TALKED TO ME SINCE.

THE STORY IS SO CHEESY AND OVERDRAMATIC, EXTREMELLY OVERDRAMATIC ( MORE THAN ME I WOULD SAY ) THAT EVERYTIME I HEAR THE CHARACTERS TALK OR SEE A CUTSCENE COMING UP I MUTE MY T.V
I HAVE HONESTLY THROWN UP TWICE JUST OF HEARING ALL THE LA CIE, FAL CIE, CACOON, SANCTUM CRAP IM GOING CRAZY !

THERE ARE NO BEAUTIFUL TOWNS AT ALL OR SHOPS OR ANYTHING AT ALL JUST WALKING AND WALKING AND MORE WALKING AND TO NOWHERE WHICH IS MORE ANOYING !!

THERE ARE NO BEASTS OR MONSTERS PROBABLY ONLY LIKE 2 OR 3 IN SOME CUTSCENES... ITS ONLY ROBOTS

THERE IS NO SOCIALIZING WITH OTHER PEOPLE OR EVEN YOUR OWN CREW AT ALL !

THERE IS NO NEED TO BUY ITEMS PLUS IF YOU WANTED YOU CANT, CAUSE ALL ITEMS ARE TO EXPENSIVE

YOU CANT GET GIL FROM BATTLES OR CHESTS( VERY VERY VERY VERY RARE TO GET MONEY HERE IN THIS GAME ) ENEMIES DROP ITEMS THAT ARE USELESS AND WORTH LIKE 20 GIL AND AND THE LEAST EXPENSIVE USABLE ITEM COSTS [...]

THERE IS NO LEVELING UP

CANT CONTROL ALL CHARACTERS JUST THE LEADER AND IF HE DIES GAME OVER CANT PASS TO THE NEXT ALIVE, EVERYONE ELSE IS ON AUTO PILOT  (INCLUDING YOU I GUESS CAUSE ALL THERE IS TIME TO DO IS AUTOBATTLE PRESSING X, ELIMINATING ANY CHANCE TO CREATE ANY STRATEGY, PLUS, THERE IS NO NO NEED FOR ONE)

NO RARE AND EXCITING WEAPONS OR ITEMS TO FIND",BEWARE !! WORST FF IN TIME TO COME
5.0,One of the best PS4 games ever.,Five Stars
5.0,I bought this game only to complete the Lego games series we have been collecting.  But it has proven the favourite of my 5-year-old son.  The graphics are fantastic and the levels are quite fun to complete.,Fun and great graphics
5.0,"I've Played Madden for a good many years, it was a very good game until it started being the same ole game year after year. It seems all that is new every year is roster updates. I don't like paying 40 or 50 bucks a year for roster updates. This game is still so much better than Madden, even the 2010 version, EA is trying to catch up to this game, but I don't think they ever will. The Presentation is Amazing, the gameplay is solid, so if you want to be charged to update rosters every year and have a very boring game, then by all means get Madden 2010(They put handwarmers in this year. Yea).",Still the King
5.0,great deal! awesome games!,Five Stars
1.0,"not as expected if I want an online game,
I'll go online beware not wort the one star given",One Star
5.0,awesome game love it.,a great game that will be played for many years.
5.0,"Though the at times it feels as if Robocop is on ice, due to slippery controlls, it remains a pretty good movie based game for NES. Coming in at about 11 levels it is pretty good as far as difficulty goes. Add in unlimited continues and you have a pretty good game.",it remains a pretty good movie based game for NES
5.0,A amazing Nintendo system with a great omage to the original NES controller,Five Stars
5.0,Cheaper buying it with the game than just the remote. Remote works great and I had no probs. Remember always get from Amazon or fullfilled by Amazon. I haven't tried game out but all I really wanted was the Wii remote plus.,Got it for the remote
5.0,On time and brand new. Loving the game.,Five Stars
5.0,"First we got the Luigi controller and it was excellent, so we ordered this one too and it's just as good!",Definitely Recommended
5.0,Product is solid. No issues.,Five Stars
4.0,Good portable version of the older computer version. Make your own zoo and see the animals do their thing.,A good zoo for on the go.
3.0,"sucks, didn't work after three days, then i threw it away after nobody would fix it since it's a terrible knockoff","sucks, didn't work after three days"
5.0,"This game collection is a gem of one of the greatest game series in Western RPG genre. It allows people to know how the series evolved from Arena to Skyrim and how each game offers a challenge that requires skill and perseverance. The paper maps are big and detailed and I hung them as soon as I saw them.

Great treasure",A collection that any Elder Scrolls lover cannot miss
5.0,"I have had this screen protector for about 6 months; in that time, it has performed flawlessly.

The protector is perfectly clear-- you cannot tell that a screen protector is applied to either screen.

The application process is painless (and gets consistently good results having done the same process multiple times with Hori products). It is rare to get bubbles with their screen protector application process.

One tip I would give is to buy this right when you buy the N3DS unit (or maybe before) so you can put it on right away and do not have to worry about cleaning the screens thoroughly beforehand. Just one less thing to worry about!

Overall, this is a great product. I have stuck with Horis screen protectors for all my gaming devices because they have consistently produced great results.","If you need a reliable, easy to apply protector, look no further"
5.0,A little different from the PC version of the game. Instead of collecting resources and food you collect different types of resources to build structures. Still a nice Sims game and actually my favorite out of all the Sims series.,Best Sims game ever made!
5.0,Able to use my 20 year old ASCII Fighter Stick I used for Sega Genesis......No lapse in speed!,Five Stars
3.0,"You get like 3 lives for the entire game and the Puzzles are so hard its unreal. your like this really short Elven Midget with no friends and Goes from room to room looking for Keys to open doors which leads to other rooms and still you find no way out. Most of you will die by the fourth level and there is no passwords or saves so guess what, your starting over.

Yep, same level and everything. Its like a really bad atari game, Limited lives, Limited Everything including movement. Not reccommended on my account. FOr the kind of people that like these sort of games, Thats the sort of thing they like. Ever played an arcade game? well this is what this game is like. Hard, Based on points, and probably used to Drain your childrens pockets of Allowances back in the 80's.

I cannot reccommend this to your collection, but if you wish to have it and Try it, Go ahead, but it isn't fun, and i would be happy to just GIVe mine away.","Too Hard, Too Repetitive."
3.0,"I do not like that it is NOT the brand controller, it is a cheap controller and not the REAL deal but it does happen to play well at the moment but who knows how long that will last.",So far so good
5.0,"I ordered it for my Computer running Windows 8.  I have other games running on Windows 8 and have no problems.  I use to own Star Trek Armada but I lost the CD.  So when I found this one I was excited about getting it.

It arrived and I loaded it on my computer and was sad to say it would not work.  I contacted the seller to arrange for a refund which they had no problems doing but at the last minute I remembered I had a old laptop.  I tried turning the laptop on but it would not work so I inspected it further to discover that one of the pins on the power connector was bent and I was able to fix it and boot up it up running Windows XP.  I installed the game on the computer and it ran with no problems.  It was good to see the game again.

It has been a while and GRAPHICS have improved immensely since this game was produced.

Great game if you a Star Trek Fan.  Great Sound Effects and Good Storyline.",Great Game
5.0,Loved the games and the price it was listed....so wouldnt have found this locally at my stores for this type of product,Loved the combo pack
5.0,kids scratched the first one up so we had to get a new one because the family loves to play it all the time.,love it
1.0,"They robbed me of 33% battery juice. I was installing the battery, when I noticed it didn't have any info on the battery like the stock battery has. It only said 3.7v, so I looked over at the packaging, and right there at the bottom it says 1200mAh. So, they got me for 600mAH, that's more than what the stock battery had alltogether. It's very annoying, but I don't feel like going through the trouble of sending it back, not yet atleast, I just installed it a few minutes ago. So, I'll wait and see if it actually works, and doesn't die after a week or 2 like some say these replacement batteries do. Regardless, I now know not to buy from this Wholesale Outlet storefront again in the future.","Listed as 1800mAh, I received a 1200mAh."
5.0,I have been using it for about 6 months. The driver is easy to use. It looks great and I have not experienced any issues yet.,Amazing cheap mouse
5.0,Awesome,Five Stars
4.0,"Great game, killer story.  Only downside, i thoroughly hated the fighting style. It's nothing but clicking.  You time your attacks, and it's the same hits over and over again.  Gets boring to play the combat.  Almost ruined the game for me. If it wasn't for BEAUTIFUL scenery, and a KILLER story line, i would have stopped playing.  Game has potential, but the 2nd Witcher is much, MUCH better. Way more fun to play Witcher 2.  Even Witcher 2 has some frustrating combat play, but it's a HUGE improvement over witcher 1 enhanced edition.  (1 Star for Combat)",Pretty Good
5.0,I would recommend it to anyone seeking this kind of product. Arrived as promised and as advertised - excellent product !,Excellent game !
5.0,big and comfortable,Five Stars
5.0,I've played this a little bit,Five Stars
5.0,Very nice add on to controllers. No more sore thumbs. Took a while to arrive but worth the wait for the amazing price.,No more sore thumbs!!!
5.0,love this i put one my controller myself looks awesome,awesome
1.0,"Bought 2 months ago, and mouse wheel already breaks. Great quality mouse. Would purchase again. 10/10.",Great quality mouse
5.0,"One of the best games in the series. Fire Emblem Birthright is the way to go for series beginners, while Conquest is for the veterans, or players of Awakening. A breathtaking journey which involves lots of skill and planning to win battles, this game has hundreds of hours of replay value. Be sure to buy DLC, Revelations, and Conquest DLC for the full experience! Worth the purchase! Be sure to visit my castle as well! (Photo of castle address provided)",Outstanding!
5.0,Works great ships fast,Five Stars
5.0,"My son loves this game and was an awesome Christmas gift, he now has all but one in the series and is looking forward to add that one very soon.",Awesome!
5.0,One of the best narratives and can't wait for the future stories from Naughty Dogs.,Five Stars
4.0,"Two highly-irritating foibles make this game a borderline ""4"" for me:
The first is one of ""sensitivity"", which results in having to replay some sequences WAY too many times. The fairly-cool ""jump-float"" maneuver that Alice has is so sensitive that unless you execute it flawlessly, 50% of the time (for me) it doesn't work. I would have advised a maintenance release for this flaw.
The second is one which all too many video games contain nowadays: when you replay the game you are unable to bypass enormous cut scenes. And when you are replaying a sequence, even the first time through, not only must you replay these scenes, but when they are part of a lengthy sequence which has no save-points (a frequent occurrence), then you must replay each and every mind-numbing cut scene in the sequence (possibly due to the hubris of the graphics artists and/or the game producer on their behalf).

So almost a great game, but not worth full-price. Now that it is under $20, if you enjoyed the first ""Alice"", check this one out. But be prepared to be hopelessly frustrated at times...",Almost Great
5.0,"Game works, Fast shipping","Game works, Fast shipping"
5.0,very fun game,Five Stars
5.0,Excellent product.,Five Stars
5.0,"I'm a game collector. In my life I've played countless thousands of games of all kinds. From side-scrolling shooters to J-RPGs, from racing games and puzzle games to space-combat and music/rhythm games....but I've NEVER played a game like this!

 A few years back I decided to buy a PS3 in order to get a cheap BluRay player, and bought a few games to see what the system had to offer. Most of the games I bought for the PS3 left me thoroughly unimpressed. And then I got down to trying this game...

This calls for Strategy...

The actual game play of Valkyria Chronicles plays out as a marvelous hybrid of real-time and turn-based strategy. You and the computer take turns moving, attacking, calling in reinforcements, issuing orders, healing, and initiating other special actions for different unit types. What makes it different from other games is that while you are moving your units they can come under fire from enemies, and vice versa. This basically means that in order to do well you will either need to group units together so that they can attack together (while you attack other units you control with the enemy in line-of-sight will also attack), or you will need to use orders to boost the stats of an individual unit so it isn't shredded by concentrated fire from multiple units. Of course, there are MANY different ways to play the same levels. You can use snipers constantly, or not at all. You can use shock troopers in groups to mow down units or scouts to quickly take positions. One thing you will almost DEFINITELY want to do is use your tanks for cover.

The difference between this game and others of its type (it's more a strategy game than an RPG) is that it forces you think outside the box, repeatedly, and painfully. You can't just charge in guns a-blazing and make it once the difficulty ramps you. You will have to get enemies to move where you want them, and systematically cripple the enemy's ability to control the battlefield. The way that this unfolds cinematically is pure genius. Likewise playing a mission to the point where you think it is over and then finding out you are only halfway done forces you to approach the separate parts of a mission differently.

The Challenge

When I first powered up Valkyria Chronicles I was intrigued, but not very impressed by the art style (it grows on you after countless hours of play). I found the game play interesting, and VERY difficult. The music, presentation, and overall design of the game is top-notch, and helped to pull me into the world of the game. I found myself playing mission after mission, spending hours and hours trying to beat ""just one more"". And then I got stuck. I ended up shelving the game for quite a while before I came back to the mission, but I am eternally grateful that I did. The game forces you to think outside the box and learn to control the battlefield. This becomes essential as halfway through a mission the tables get turned on you, and you have to switch strategies and often unit types completely just to keep from getting blown away.

True, there's no frustration like playing for 2 or 3 hours and then having someone shoot your tank from behind, destroying it in one shot, but thankfully you can save during the battles and resume them later (A strong warning: Do NOT make your ONLY save a battlefield save.  If you discover that it is IMPOSSIBLE for you to win at your current level and with your current units, you will have no way to exit back to the main story {only back to the title screen}. ALWAYS save a copy of your game in story mode in addition to any Battle Saves).

If you truly get stuck the best method is usually to follow the J-RPG mantra ""when in doubt, LEVEL UP!"" The skirmishes can be a bit repetitive, but they allow you to level up entire classes between major story missions to even the odds, or even give you a ridiculous boost over the computer. On the other hand, if you are a godly gamer who finds the game way too easy you can simply NOT level up your characters using skirmishes and try to beat a computer that shrugs off head-shots and chews through your units like tissue paper!

Yes, this game is hard, but when you get better, and get farther, and come to grow attached to your favorite characters, their deaths (from which they do not return until the end of the game!) or triumphs come to mean SO much more to you.  And as you come to grapple with this brain-scratching experience something else happens...

The Heroine of the Battlefield

I really can't overstate how amazing the presentation of this game is. The style of the graphics, while not necessarily flashy or incredibly detailed, is very warm, beautiful, and compelling. The cinemas between missions are excellent and really draw you into the story. There's a built-in encyclopedia explaining about the game world.

There's great music that really heightens the mood at key moments. The way the story unfolds is as good as the best anime I've ever seen. The voice acting in both the English and Japanese is superb, and you can choose to use either one. And once you beat the game, additional options unlock including a music player, and a new game plus mode that lets you repay the entire game carrying over the stats and weapons you finished the game with.

Every character in this game that you play with on the battlefield has a unique personality, with pluses and minuses that come into play under different circumstances. While it's interesting tactically, it also makes you feel....attached to the characters. Really, genuinely, attached. I remember the first time I activated the heavy Lancer Largo's special ability ""Large Heartedness"" and his health completely replenished just as he was about to die, while destroying multiple heavy targets at a crucial point in a mission that would decide if I won or lost. The dialog actually made me get teary-eyed. I remember seeing the super-heroic Vyse attacking the final boss absorbing massive amounts of firepower and doing insane damage, shouting heroic phrases as his stats boosted over and over from his heroic special abilities. Character development while in the attack phase of a strategy game?  Yes. Goodness yes.

The Showdown

Honestly, this game has one of the best endings of any game I've ever played. There is dramatic tension that builds and builds up until the epic finale complete with a climatic epic boss battle. This is followed by some fantastic ending cinematics with epilogue, and then TWO of the best ending credits I've ever seen in a video game complete with fantastic music.

This is a SEGA game, and in many ways absolutely represents the very best of the qualities that make SEGA games some of the greatest ever created. Idealism, emotional depth, incredible presentation, deep, compelling, and incredibly fun game play, and a world that makes you want to return to it time and time again. When I finally beat the game I DIDN'T have the feeling of finally being done with an ordeal I never wanted to visit again. I had the feeling of just finishing an absolute CLASSIC that I loved with all my heart, a game that I know will draw me back time and again to experience in different ways, trying out different strategies and determined to finally get an A rank on every mission and play through and experience every extra. The joy of the best SEGA games is in their replay value. I'm keeping this one for the rest of my life. It's the best reason to own a PS3 I've seen yet.","""Squad 7, Move Out!"""
3.0,Its not FFX,Three Stars
1.0,"Lack of seriousness of the game and crazy wrist and arm movement is what turned me off to this game. I bought this game because of Gamespot's somewhat high review. The graphics are like Cel Shading.
I don't judge games on graphics but game play and immersion.
This game is Wii shovelware that trys to take advantage of wireless controls. You need to shake the controller for every kill in this game encounter which is ridiculous .

Save your 08 Christmas money...",Hipster game requires lots of wrist arm movement
5.0,My son loves the challenge his mind.,Five Stars
5.0,Tons of fun!,Five Stars
5.0,"iF YOU  haven't played this in a while, pick this one up. It has every piece of dlc from the original.",this game is rocking still :)
5.0,This PS3 Memory Card Adaptor is great for transferring data from PS1 and PS2 to your PS3,"Great, Fast, Excellent..."
5.0,"I got this just months before the newer, upgraded PSP (the 3000) was released.  Just the same, I've very much enjoyed the console.  This particular bundle comes with the game ""Daxter"" (a Jak and Daxter title set between Jak I and II), and a UMD sampler of Family Guy episodes.  It also has a small memory stick, just to get you started.

It's interesting how the console wars have played out:  Nintendo's DS is, like the Wii, an excellent gaming device, but little else.  The PSP follows closely in the PS3's footsteps by trying to be less of a gaming console and more of a media player.  It's much bulkier than a Zune or an iPod, but if you're someone who plans on playing games, you can't ask for better.  The PSP's screen is bright and colorful.  Its ""cartridges"" are actually tiny optical discs called ""UMDs"" (for ""Universal Mini-Disc""), but Sony planned ahead and assembled them in plastic cartridge cases to cut down on dust and scratches.  The unit runs for a decent amount of time on the batteries, varying depending on how bright you set the screen and whether you're playing a disc or reading directly off a Memory Stick.

And that's where the potential grows:  by using Memory Stick technology to enable you to store files, you're now capable of putting together a collection of just about any media you wish:  I have a small stick of photos and a large stick for videos that also holds my savegames.

I've been very impressed by the quality of most of the games I've played on the PSP, and I was pleasantly surprised at how many games there are out there to choose from--I really had no idea.  All the same, there are cons:  UMD movies never really took off, so they're on their way out as a format.  While there is wireless networking, it's really not good for Internet use:  online multiplayer gaming works fine, but the browser is not so good, and trying to type even a password to log into your e-mail can get downright infuriating.  You can subscribe to RSS feeds and read content using the PSP, but it's going to take you some time and tinkering to get it going.

There are some interesting extras to the PSP, however.  Not only has Sony been trying to improve the quality and features with product updates, but the integration with the PS3 is pretty tight:  I can sit at home and access media files through the PS3.  I can read shared media on any multimedia server in my home network (for instance, my Vista machine has made it very easy to listen to my music collction).  I can use a media reader to transfer files of any kind back and forth, I've used both the PS3 and a PC to buy games online and download them to the unit, and as if that isn't enough:  if I load a PlayStation (PS One) game into the PS3, I can play it from anywhere--even away from home--by ""connecting"" to my PS3 over the Internet.  I'm not sure why only PS 1 titles work, but it's still an interesting extra feature:  I actually have some pretty good PS 1 titles still around.

If you're looking for portable fun, and you have a PS3, the PSP is really the logical choice for you.  If you have no interest in media, or you're thinking of something for smaller children, you might want to go with the Nintendo DS:  it's a little less fragile, and there are more games for all ages.  As for this grown-up gamer and his 9-year-old daughter, we've had a hit on our hands.

Some add-ons you should consider:  a larger Memory Stick, a plastic carrying case (the official Sony case is bulky, but very good), and if you want to have some fun on the big screen, you can buy an audio-video cable to connect to your television (again, Sony's brand-name has turned out better than the aftermarket cable I tried).",They Grow Up So Fast...
5.0,"Great game that my wife and I loved, couch co-op.",Five Stars
5.0,"I've been playing games since I was five years old with my dad's old Genesis. Recently, I've been playing a LOT of games on my Wii, making sure I finish all of the good titles before I move onto PS3. After 15 hours of time clocked in so far, I can confidently say that SMG2 is not only the best game on Wii (even better than SMG1), but is also, quite simply, one of my favorite games of all time.

Every level shines with ingenious creativity. You'll travel lush rain forests, desert wasteland, icy snow-tops, and a diverse number of levels that either refer to Mario's past or build upon old ideas in remarkable new ways. It's almost as if the team working on this game took SMG1's base engine and concept as its template, but started from scratch on everything else. Control wise, Galaxy was already perfect, but the camera needed fixing. Problem addressed. The new World Map in SMG2 is a welcomed addition, as it is much easier to navigate through levels than the hub in SMG1. Yoshi visits Mario in a number of levels, making great use of his tongue with the IR pointer for a number of incredibly clever challenges. So far, I have 60 stars in my first 15 hours of gameplay, at the end of world 5 out of 6(ish). Even though I am having an easier time through this than SMG1, I would still say that this game is more challenging (I'm just beastlier than before :). For those who are looking for extended play value, SMG2 delivers. If you collect all 120 stars and each galaxy's comet coin, you will receive the ability to collect 120 ""green"" stars. I can't wait!

This game is, in my opinion, the greatest gaming experience to be had on Wii. Simply put, if you own a Wii, and either A) want the most fulfilling experience on Wii or B) want something to pass the time after wearing out ""Wii Sports""--- this game will not disappoint. Buy it. Now.",Believe The Hype
4.0,"This is definitely a musou/Warriors game. Not the prettiest of the bunch for sure, but the Legend of Zelda aspect is pretty enticing, and makes what could be considered weird and obtuse mechanics more bearable. A pretty solid roster once you factor in the DLC, otherwise it leans a lot more on the realist Zelda games. Legend Mode (the campaign) is a little weak, but Adventure Mode's different maps will have its hooks in you and you will be hunting for treasure and grinding rare weapons and materials for hours.",Zelda Musou
5.0,"My son loves it, it's zombies.....S...H...I...",Five Stars
5.0,Great,Five Stars
5.0,Works just fine.,Five Stars
5.0,"We have the previous version of this which is outstanding. This is good, too. People are correct. Placing the controller is a bit of a pain, but nothing too bad.

Bottom line:  it works and keeps my controllers ready to go.",It works as advertised.
5.0,"I have all the Uncharted games and have finished 1,2,3, and am about half-way thru 4. This series and the Last of Us remastered are the best games I have played.",This series and the Last of Us remastered are the best games I have played
5.0,great!,Five Stars
1.0,"This one in particular, I found to be a bit of a lie. As the image shows the original art and game case, when I received it, it was an international version of the red labeled greatest hits version. Disappointed, and I know it seems petty but that's not what I paid for.....u get 1 star, either ship what is shown or change the image.",You suck
5.0,I should have bought two. Nice controller and the added convenience of a rechargeable battery that also charges from the USB port of the XBox is great. Will probably buy the charger for the primary controller that came with the XBox One.,I should have bought two
5.0,"I was skeptical when ordering this product thinking it was too good to be true,  but after receiving it,  sometimes you can get a great deal!!!!!!!  I would definitely recommend this to anyone questioning or wondering. A great deal for your money & surely saves on disposable batteries for controllers.",Great Product!!!!
5.0,Really love the game. plays like new and the disc and papers where like new. Small damage to the case but no big deal.,Really love the game
5.0,Exactly what I expected.,Five Stars
5.0,great controller and easily better than the original on which it's based. most exellent.,Ace's game room reviews.
4.0,"Fun game it takes place in the 80's so a lot of good songs on the radio stations in the game. It is also slightly easier in my opinion than gta 3 which is really hard. However it is basically gta 3 except a different place, and time so that can make the game boring rather quickly if you already played the third one.",Fun game it takes place in the 80's so a ...
4.0,Great game but it's sad that I didn't work on my Xbox but it worked on my cousins,Four Stars
1.0,"It came with a broken piece: the lens' engine. It wouldn't play any games, all I could do was navigate the System's main menu. I had to spend over 50 dollars trying to repair. And when I finally got it to play games, it kept, and keeps, making strong noises while reading game discs.",I highly NOT recommend it! Be cautious!
5.0,FUN!!!,Five Stars
4.0,"Although I like GTA games better, this is a good game that is fun to play. Open world like GTA, but set in the wild west. It's a lot of fun and I recommend it to those who like GTA games.",Rockstar is awesome!
5.0,"For the price this tem is the best choice for the VITA
Very light and carries all the essentials
Highly recommended for gaming of the go",Extremely Lightness
5.0,Fun game with an excellent plot line.,Five Stars
1.0,"After using these for some months (I bought these on March) I decided to update my review since my position has changed a lot from then. After a month of use, these were already feeling loose and shifting around on the sticks, especially the left stick. After 3 months and a half or so the rubber at the base (beside the hole that secures onto the stick) of the cover on my left stick was already cracking. The cracks kept getting worse until a week ago when the cover finally failed. I decided to move on and use Xbox One sticks on my DS4.

[Original Review]
I bought this for my Dual Shock 4 as it has the premature stick peeling syndrome. These may look a little bit cheap but they fit good and securely on the sticks. One thing I was disappointed with is that for those with sweaty hands these covers still loose some grip after some hours of use. Still, the grip is better than the factory rubber on the DS4. If you want to buy because you have sweaty hands and want better grip, you may want to look at other alternatives, but if you want protection for your sticks these get the job done very well.",[UPDATED 8/16/14] Not good to protect your DS4 sticks.
5.0,Great game in many ways and I really enjoyed the game play through it also. I would definetly play more sequels to this game like White Knight Chronicles 2 plus any after that if they come out with them since this game is really fun and I like the way the characters are done and how the battle system is and much more. Make more of these Sony and whoever else that makes this game.,Great Game...
5.0,"Great, fast delivery and good pricing",Five Stars
5.0,"If you played any previous GTA games then you know what to expect from GTA V. There is so much to do, to mess around, break the law etc. The story was kind fun too since you can switch between three character at any point of the game except during a mission. I seriously don't see how much more GTA 6 can improve since GTA 5 has everything. GTA 5 followed the success of GTA San Andreas, except the size of the map of Los Santos isn't as big as GTA San Andreas.",Great game to waste some free time.
2.0,"The mouse functions, for the most part, as expected.  However the mouse just has an overall cheap feel to it, sometimes I feel like I'm going to break it with just normal gameplay use.  Also the lightning scheme works most of the time, however sometimes it will reset to the default colors, and the main light, towards the front of the mouse on the left side, occasionally starts blinking for no reason.  It's very distracting during game play, but usually reseating the  USB cable fixes the problem, (until next time).  Overall I'm pretty disappointed with the mouse, especially since I was upgrading from a Corsair M95 mouse that I absolutely love!  I think I'll be going back to the M95 until Corsair comes out with something better.","Feels cheap, bugs out easily"
4.0,didn't last too long.  not the best i've had.,fair
5.0,"First, I'll talk about the actual game.  I've only played the game for about an hour, but it's enough for me to give at least my initial impressions of the single player portion of the game.  I own the original Bioshock (for PC) and I believe this sequel is a worthy successor.  Getting to play the roll as the ""Daddy"" is a nice change from the first release.  First, you start out in the diver suit with the drill as a weapon.  This makes melee battle with ""Splicers"" much easier than with a pipe or wrench like in the first Bioshock.  Early on, you will get your hands on the rivet gun and the lightning bolt plasmid (genetic enhancement).  This will add some variety to the monotony of drilling the guts out of the splicers.  I think the graphics are slightly improved from the first one, with a little bit more detail and a more realistic look to the environment.  My high end gaming PC didn't even break a sweat running this game with all graphics options cranked up to max running at 1080P resolution on my HDTV.  The recommended PC specs are pretty low, so even mid range computers from a couple years ago should run this just fine.  One disappointment is the lack of support for the xbox 360 controller for windows.  I'm not a huge fan of controllers for FPS games, but some folks prefer game pads to the keyboard/mouse controls.  A quick remap of controls sets things up nicely for traditional keyboard/mouse FPS gaming.

Now, as far as the SecuROM features of this game go, it's a fairly benign implementation.  Basically, it does a disk check every time you try to run the game (just like 99% of games made since the CD-ROM was invented).  To complain about a disk check on a PC game is like complaining about having to actually pay for gas to put in your car.  Now as far as activations go, you are limited to 15 activations if you are logging onto Games For Windows Live (GFWL).  And if somehow you manage to hit 15 activations in your lifetime, the limit can be reset by calling Microsoft.  I already use GFWL for several PC games and have no problems with the service.  For Bioshock 2, I was able to install and play the game without logging onto GFWL. I DID NOT have to enter the registration code to play with my account offline.  It would seem to me that this means you don't actually have to activate the game unless you want to go online with GFWL.  Personally, I like using GFWL.  I recently went over to the dark side and bought an XBOX 360 and find that it's really nice to have all your gaming stats in one place.  Some people seem to think the whole gamerpoints scoring system is for 12 year old kids, but all of my adult friends on LIVE actually like it.  It makes things a little more competitive between friends.  I guess if you have no friends and are paranoid of the internet and any social contact with other people, then GFWL might be too touchy-feely for you.","Nevermind the DRM trolls, this is a game worth buying!"
1.0,"I played for 20 minutes and couldn't get past the first boss.  I played Bloodborne and was able to make it through the entire game.  This game is maddeningly difficult.  I understand that it's supposed to be, but come on.  This game is nowhere near as fun as Bloodborne, doesn't look as good, mechanics are jerky in comparison.  I have extreme buyer's remorse from this awful game.",Worst Game Ever
5.0,"This product is exactly what we expected.  Somehow we missplaced both of these that came with the controllers.  We had tried a rechargable battery that was a bust so we needed these.  They fit perfect, no complaints.",exactly what we needed.
3.0,Good,Three Stars
4.0,I purchased Red Alert 3 for my boys.  My husband used to play the original Red Alert and that's how my boys got started.  The game is always a favorite with my children and their friends.,Endless entertainment for my boys.
5.0,good,Five Stars
5.0,"I love this item, i played on a psp 2000 for a while and when i switched over to the 3000 it has many hard edges which cut into my hand, this cover doesn't add any weight and makes it smoother and much more comfortable to use for longer periods. Highly recommended.",Buy this
5.0,"I have NEVER played another video game console like the SNES.  I upgraded from the NES, then upgraded to the N64, then DOWNgraded back down to the SNES.  I've played the Wii and the DS, too.  Nothing whatsoever comes close.  For those of you that remember this old system, if you don't have one anymore, GET one.  For those of you that may be too young to have gotten into the SNES, DO it!  You will NOT regret ""downgrading"" to the SNES.",BEST HANDS DOWN!
1.0,"The games are poor, if you need an extra controler like I did, just buy one by itself and save $10 versus buying this bundle.  The games are not worth $10.",NO PLAY
5.0,I bought this game for my 8 year old son - he is huge wrestling fan!  He absolutely loves this game!  The graphics are great and the game was very easy for him to pick up and learn.,A Big Hit
5.0,Best Mario Kart since Super Mario Kart.,Five Stars
5.0,"I love playing the Zelda games. The first time I played Majora's Mask, the final day where the moon falls, scared me so bad that I stopped playing the game for a few days but now I have the game again, I can finally play it through :D",The Legend of Zelda: Majora's Mask
5.0,"Great product , works as described",Five Stars
4.0,If you like war game shooter this is the best one to get it is fun and wroth the money great game to play over and over again and the game is not short.,Great item to have
4.0,I've been waiting for these games to become available for ps3. It was delivered promptly and neatly packaged. I was thinking it was 3 separate games but turns out its 3 games on one disc.,Awesome games
5.0,excellent,Five Stars
5.0,"no issues with the order, love it. will buy from seller again",love it. will buy from seller
4.0,"a purchase for my daughter who was introduced to the system in college, she's very happy with the system and the games.",game for PSP
5.0,Great as expected,Five Stars
5.0,"If you have a PSP Go then you should definitely buy this. makes life so much easier. and it looks so good on your desk. Only 10 bucks at gamestop brand new.

I love it and very happy with my purchase going to get the component cables tomorrow. ^_^",Amazingly Useful.
5.0,Excellent,Five Stars
4.0,So if you have played any of Saints Row games you know what to expect. They take their unique brand of kookie magic and crank the dial to 11. The story is nothing to make a movie about but I loved finding out what happened to my favorite Saints in the game.,Wacky fun
4.0,"Fantastic graphics, but ultimately lacking in some areas such as gameplay and game depth.",Four Stars
4.0,"This camera has been okay so far. The playroom game is okay (which is what I mainly bought it for) but the excitement from it wears off quickly. There are some limited voice commands at this point and I think those could get somewhat useful. However I think that if you really don't care about voice commands or playroom, then this wouldn't be something you need/want right now.",Fun trinket but not all that useful at this point
5.0,Razer is life. That is all I have in my room. I needed a basic mouse and got this one.,Awesome
5.0,Works,Works
5.0,good item,Five Stars
1.0,It was no goog,One Star
5.0,"I just bought this game and waiting for it to get here.

the game is like super cool! ive seen my friend play it and it looks awsome! lightsaber stuff is like really cool! and same controls as jedi outcast, so those who have played outcast will be in familer taritory. storyline is deceant. a badguy from the last game you encounter in this. you don't get to play kyle kartan, and thats a let down. but the game is great! and from what i have herd the leigth is decesnt. so yeah im really exited!!! i HIGHLEY reccomend it to star wars fans!",can't wait to get it!
5.0,perfect for gaming,Five Stars
5.0,"In my opinion this is one of the best and most realistic games ever made.  Yes, there is a story line to follow, but in doing so you can make up many of your own stories along the way. Fantastic graphics.  This does not really follow the Assassin's Creed story line, but that's okay.  It is a great game.",Great game
5.0,This was a gift. The family plays it every family night gathering. Great deal.,great deal
5.0,Can play all my PS one and PS 2 games on it...is awesome!,I love it!
5.0,Product came as described.,Five Stars
4.0,"This is what the original game should have been like. Its much creepier, dark and morbid than the main game.",Finally some horror in Dead Space 3
3.0,"Received my copy of Puzzler World 2 the other day.  Started playing it and had lots of fun, but... There are quite a few ""bugs"" in this game.  Not being able to finish mini puzzles and main puzzles not loading.  Tried resetting the game many times, but this does not help.  These ""bugs"" are quickly ruining my fun.  Also, if anyone knows how to play the ""Backwords"" puzzles, please let me know.  Don't know how you can reach me through here, but please try.  I've tried and tried and cannot seem to crack the code.  Thanks.",Puzzler World 2
5.0,"This is great, price is great and if you are like me, who started with games like Diablo, this is for you. In PS3 i played Dragon Age, and this game is pretty much the same, but in here, you have a history, better graphics, better system, better gameplay, better ending, and some new factors that would make love this game, the fact that you can change your style so easily provides a way of fighting so much fun than any other game of this type, battles against huge enemies like trolls are extremely fun, the map is huge, missions are interesting, my only complain is that accomplish some of the missions is impossible... or they take toooo much time and at the end you get a crappy item or just some coins... that was a bummer, but everything else, just amazing.",Great game!
5.0,"Works like a charm. My Xbox is only 5 yards away from the router, but this adapter picks up the single just fine and doesn't drop it.",Great
5.0,"This is a great product and incredibly easy to install.  Just remove the 6 tiny screws from the back panel (of the Mad Catz TE sticks at least) and it will expose the restrictor plate.  There are 4 tabs that you press to remove the installed plate, and this one just snaps right in no tools needed.  I found this gate to be very helpful in nailing very precise movements for Mortal Kombat 9.  It does not restrict range of motion but you can feel the slight notches that make it easy to make sure you are in the right spot.","Perfect fit, easy installation"
5.0,My 14 year old son actually hugged me after playing with this mouse.  Only  a few of you will understand the rarity of a hug from your 14 year old son.  Priceless.,My 14 year old son actually hugged me after playing ...
5.0,"Works wonderful! It doesn't take long at all to charge the controllers, plus the batteries last for hours - typically several days if playing up to 5 hours per day. The batteries fit perfectly in the Xbox controllers. No issues to date.",Get it!!
1.0,"Absolute garbage!

For the price paid, I guess it should be expected that only one of the battery packs charges, it doesn't come with an AC adapter so you have to plug it into USB, and that the stand itself doesn't hold the controllers when the wrist-strap is attached.

All in all, completely unhappy.",Completely unhappy.
3.0,"I remember the old N64 classic. I had actually never played it through or owned it, but I had played little samples at friends' houses growing up. I decided to revisit this game because I had heard they made several gameplay and graphical upgrades on the 3DS version. The art design and 3D effects are really quite good in this game, but I have some complaints.

1. You are in an ""open world"" to some extent, but most areas are closed off or useless until you progress through the game and have the right gear. Though not a linear game, the ""side quests"" are almost always required, so don't think of this as a traditional RPG where almost everything is optional.
2. The puzzles are challenging, but I have a complaint here:  the forest level when you first become ""older"" is a terrible pain to play, and the music is SO annoying. I had to play with the sound off, but then I missed some audio cues when stuff happened.  I understand completely the aesthetic of bringing back old memories and re-living the adventure as you remember it, but my God, this was so bad I stopped playing the game.
3. The visual control system in the game is extremely annoying. I remember it being bad on the N64 as well (in fact, weren't most games tough on that console?) I know I'm spoiled by today's multi-axis dual-stick visual control system. I wish when they refreshed this game they would have re-worked this part of the game to make the camera shift behind and above the character when needed.
4. I have to give points in retrospect for the innovative game-play and interaction with the controller/3DS system. This is where nintendo excels.

Overall, I probably wouldn't have bought this game. I should have just borrowed from someone or rented it. However, when the controls aren't erratic and the music isn't annoying as all get-out, this game is pretty fun.","It's ok, better suited for hardcore fans than casual players."
5.0,I bought this and instantly hooked it up to my TV and PSP 3000 (works with the 2000 as well.) The quality of game play seemed to get better being on a bigger screen. The graphics also improved.,Easy to Use and Great Quality!
5.0,great game,Five Stars
5.0,Very fun!,All family loves it!!
4.0,Nice platformer with some cool and unique attributes. Does get a little boring / doesn't keep you as engaged to keep progressing. More of a game that I put down and pick up here and there.,Nice platformer with some cool and unique attributes
5.0,"dont care what any one else says about it but i love it best potable game device ever and great line up of games and moor to come

(Edit) ok so ive had it for about a year now i still love it",I love it
5.0,It's good to play this game again. I recieved it thinking it would be scracthed up (seeing as how old it is) but it was in good condition.,Great
5.0,"I speak as a fan of the franchise. I played the game when it first came out. I lost my original copy and felt like having it in my possession again.
Pro
- great classic ps1 game
- dark scary theme, the game is not for the easily scared

Con
- graphic, nothing like ps3
- slow pace",Great game
5.0,my son loved it. packaging and shipping very soon. the difference is that this edition brings the other satandar pedaza more and more options to change costumes and objects,by beisy
4.0,"There's not much you can do with the camera yet, so don't do what I did and waste extra money getting it now rather than later.  It's just a curiosity at this point.  I was told there was going to be a Skype app for conferencing, but as of yet there isn't.  Voice commands are somewhat useless, again more of a curiosity.  The only app that uses it is Playroom and it's just a technology demonstrator app.  After 5 minutes of using Playroom you will be bored.  Overall, I'd say buy the camera only when something compelling comes out that needs it.",Wait until the price comes down to at least MSRP
5.0,it is ok,Five Stars
5.0,My granddaughter loves this doll and plays with it all the time.,Five Stars
5.0,Doesn't work on my ps3 like all other ps1 and 2 games that I have do and yes for those who do not know. You can play ps1 and ps2 games on the ps3 buy downloading an app called Playstation 2 system data from the Playstation network.  Anyway this game did work in my old ps2 that I've had since they came out and it played just fine.,Doesn't work on my ps3 like all other ps1 and 2 games that I have ...
5.0,BETTER THAN I THOUGHT,Five Stars
1.0,still waiting to download this game.,One Star
5.0,Difficult to put the game down which makes bedtime my enemy!! Excuse me as I go buy some caffeine!!,Awesome story and characters.
4.0,"Easy achievements, terrible game.",Four Stars
5.0,These still work perfect and my kids still play them.,Great buy...
3.0,its okay,Three Stars
5.0,love the zenses games they're all challenging,Five Stars
5.0,"woohoo it came yay!!! i checked it everything its all good,came in as promised iam very pleased will purchase from this seller again,ty so much,the packge came i little beat up but other wise good everything is intacted",singstar bundle
5.0,"I love gaming,  but I'm also a dad. I can't justify paying $100 or more on a headset. These are inexpensive and both work great. No issues with others hearing me clearly and they're comfortable to wear.",They work awesome
3.0,good product,Three Stars
5.0,"Helps saves batteries, and perfect for road trips",and perfect for road
5.0,Very fun!,Five Stars
5.0,"Perfect I hear the chats amazingly and after stretching it out for a little bit, it didn't hurt my head to wear. The microphone is moveable and mute-able which is nice as well.",pretty sweet
4.0,"Good quality, functions very well. My only complaint is the weight of the mouse. It's too light and there are no options for weight adjustment.",Good
1.0,It was too hard to hook a fish. Even my avid fisherman boyfriend did not like it. Keep your money,Didn't like it
5.0,really good game recommended for all people who are looking for the action of the adventures in different fields good game..,good
5.0,Good value when I purchased it.  Love the game.  The plastic binding of the case is weak and cracks easily so keep the outer pouch to keep it together.,Good value when I purchased it
5.0,"Awesome game and a must own for playstation owners.  In my opinion, it is only second to Uncharted 2.  Great ending as well.",Must Buy!
5.0,"SMB, SMB2, SMB3, and The Lost Levels - all in 16-bits??? I've played the lost levels on the gameboy color version, Super Mario Bros. Deluxe. Remember that one? It looked like the original 8-bit Mario game, but with more difficulties and obstacles. This game gives you that, but in 16-bit graphics and music. Instead of trying to play these great games on a smaller screen, you get to play it on your TV! I've really enjoyed this game. It's 4 games in one cartridge. Classics updated slightly from 8-bit to 16-bit quality. For those of us who grew up playing NES, this is the best SNES adaptation to the classic Mario games we grew up with and loved. If you have a Super Nintendo, but still feel affection for the original 8-bit NES Mario games, this one is definitely for you!

I've enjoyed playing this and comparing it to the original 8-bit NES versions I have. Maybe you will too?",The best of NES Mario reinterpreted in 16 bits! And the lost levels!!!
4.0,Good,Four Stars
5.0,WAD.,Five Stars
3.0,"Bought this game based on a friend's suggestion, since I like other post apocalyptic games like Fallout.  It was a fun game, but not as challenging as I'd hoped.  The ammunition as currency concept was intriguing but still, not as challenging as I'd have liked.  Minor replay value.  Story/campaign is moderately entertaining.",since I like other post apocalyptic games like Fallout
3.0,"I waited months to write this review because of the games hype/letdown media coverage.  Here is how I feel in a neat short list.

1.  Excited about what was promised/stated as the gameplay and design
2.  Received game and enjoyed the first few hours
3.  Started seeing the horrible reaction to the game online while still enjoying the game over the first 10 hours
4.  Game started to get annoyingly repetitive and didn't feel like I was making any progress or advancement
5.  Saw everything I could across 20 hours and that's where it felt like it ended for me
6.  Put it down and have never gone back

I played across the first few weeks after it came out and it did have major problems with code as for me it crashed about 7 times across 15 hours though nothing was ever lost from the crashes just annoying.  The game definitely didn't have the design I thought I would and should have been $25 so a lot of us that paid $60 for it are rightfully bitter  in the end.",An Indie game that got a full price tag that was still just an indie game in the end
4.0,"Good game overall. I love the class/job system.  You get to revist old areas and are introduced to new ones. The two new characters are interesting, fun and loveable.",Good game overall
4.0,"This was a two part fix to an Ebay purchase of a used PSP.  I wasn't informed that it was missing a battery cover and ""oh by the way it doesn't have a charger anymore ether"" until they shipped the item.  I tried to find the cheapest but well reviewed replacement charger and this fit the bill.  It actually works quite well and even though I'll never use the adapters it comes with for other devices they are there if the need should arrise.

I'll rate it 4 out of 5 only in that it would be nice if the car charger piece was modular as well as the adaptors so that it doesn't always have to be on the devices since I use it only for charging at home.  Otherwise great charger and it has a really nice build quality!",Works great
4.0,"New Vegas is undeniably better than FALLOUT 3 for these reasons alone; better guns, more features, more simplified aiming, and MUCH smoother gameplay.

I give Fallout: NV a 5/5 in regards to its ""fun"" factor, but just a 4/5 overall (that being because the game still suffers from occasional glitches [freezing and/or getting stuck in-between objects]).

The no. 1 thing that makes this game/franchise so great remains to be the in-depth story with its multiple choices; allowing you to play how YOU want to and giving you the ability to choose your own path.

The game has no major bugs as of today, but you will still likely run into a few minor ones [including the inevitable freeze]. Companions still operate with incompetence at times too unfortunately (e.g acting aggressively when they are told to be passive, and moving even when told to stay/wait).",Fallout: NV
5.0,This is by far the best COD in the series!,Best COD
5.0,This game has given me many hours of first person shooter entertainment.  A nice mix of really challenging tasks and medium hard tasks although I did have to resort to a walkthrough guide on gamespot.com for help sometimes.,Great entertainment
5.0,"All Star Wars games are great! This is no exception!
Visuals are great and characters are fun! Recommend this game!",All Star Wars games are great! This is no exception!
4.0,"It has very many things to do, and many options. all in all this is a very good game and if you like the sims you will like this.",Sims 3 Pets
5.0,This ps vita wifi is very good i love this  it lasted a long time  it's the best,Best thing ever
5.0,Great Item my son's first and he loved it now its sky lander everything,Five Stars
5.0,Awesome!,Five Stars
5.0,fun game,Five Stars
5.0,smash 4 is a great game,Five Stars
5.0,"It will blow you away at the amazing details not only is it a fresh look on tombraider but some parts take you back to the original which if your a gamer youll remember the flipping to avoid the bite of a wolf or the tight quarters and light puzzle quest about!....
It was def a suprise game and its full of awesome-ness",Def a must have for next gen
5.0,There is a time limit on codes. Mine didn't work until 11PM Central. This is not a review just some comfort for those who freaked out like I did when my code didn't work until I realized I had to wait lol. Happy Gaming!,This is not a review just some comfort for those who freaked out like I did when my code didn't work until I ...
3.0,E,Three Stars
5.0,"Really video game, all the parts were there and everything worked just fine will tell all my friends to buy.",Great Game
4.0,"Great color and pictures, really good game",Four Stars
5.0,"It's a very fun game that really will only appeal to hard core tactics fans like me. If you're into strategy rpgs, I would suggest this title. It's not as good as a Final Fantasy Tactics or an Ogre Battle, but it gets the job done.",For Tactics Fans Only (SRPG)
5.0,Lots of fun easy controls and the best overall hockey game ive played so far.,Best hockey game ive played thusfar
5.0,great,Five Stars
3.0,"I got this about a week ago. Now I have only heard good things about this and one big negative...lots of dialogue. Well being new to gaming (only got my Wii about 6 months ago) and having about 10 games I wanted to try this one out. Sure I expected story plot and training to start out with... but I had to sit through what seemed like 10+ minutes of dialogue explaining the weird story of the game before I could even make Mario move AND each time you start the game you have to keep hitting the 'A' button to move through the dialogue over and over again (so far I have done tons of button mashing to try and find the skip intro stuff and nothing seems to work). I do find it not as intuitive as previous games I have played as you are holding the control stick sideways turning it into a regular game pad (that you can point at the screen when you need clues or explanations of villians and creatures on screen or secret doors or passages). I am not a good gamepad player, hence my not doing most video games until the Wii. Beyond the talking in the beginning there is plenty of long talking segments in the game too...but they are farther between game play. I am already up to chapter 2 and now have two 'Pixel' guides following me around. Just how many guides you get in the end I don't know. I keep playing the game hoping to really enjoy it and I finally sold it to my roommate (who ironically was going to sit down last night to play the game for the first time and when he realized he had all that starting dialogue to go through he said 'another time, I have better things to do with my time'. He then grabbed his disc for God Of War and went to play it on his PS 2). He is a major gamer...all three systems. I am the one with the Wii. So if you have Mario Galaxy I wouldn't waste your time on this one unless you really want another Mario Game. Of course my tastes may be different. I like No More Heroes at the moment and Mario Galaxy. Plus the Lynx training game with the gun shooter (going to upgrade to Zelda soon). So maybe it is just the types of games I seem to be gravitating towards. If you do get it, get the used discount copies if you can.",Dear Paper Mario: Talk Less so I can play more
5.0,Awsome,Five Stars
5.0,"great game

nothing to complain

played through",good
5.0,"*** Update on 08/31/2016 ***

I won't say exactly why, to spare them a million similar requests, but I contacted LucidSound with a question.  It was a multi-platform question that was *not* a complaint.  It led to an amazing piece of customer service.  I wanted to mention it here on my review, but really don't want to say exactly what was done.  I will say that LucidSound really, really cares about customers.  Add that to an excellent product and I'd give this six stars if I could.

***  Original review ***

First of all, I'm just an average guy and didn't get a free set to write this review.  Second, I can't say anything about the long-term quality of these, and will update my review later.  For the time being, this review is for first impressions.

I bought these to replace my faithful Sony pair that sounded excellent and lasted 15 years or more (I honestly can't remember exactly when I bought them, it's been so long).  The bracket inside one of the earmuffs basically fell apart.  I took advantage of the situation to get a built-in microphone and something of, I hoped, very high quality that will last as well as those Sony's.  I was also trying to find something universal instead of having to plug them into the TV's headphone jack, which I had been doing until now (and using the PS4/Xbox One microphone).

First impressions are extremely good for the LS30.  The packaging is really very nice, and the headphones themselves feel hewn from solid.  Every motion feels tight and designed to high tolerances, and their heft is reassuring.  Some might not like the weight, and they are a little heavy, but to me it reinforces the feeling of strong, quality materials.  I hope it proves true.

I'm small and these have a very snug fit, with plenty of room inside the cups for my ears.  Being wireless, this bodes well since you'll be able to move around without worrying about them constantly sliding off your head.  Wherever they touch you feels soft and padded.

They come with the transmitter and all the wires you need to plug them into everything.  So far I've tried my PC, phone (a Google Nexus 5X), PS3, PS4, and Xbox One.  I'm going to look into getting a 2nd set of optical cable/transmitter so I don't have to swap it around, but haven't looked into it yet.

Set up on my PS4, PS3 and Xbox One were all a breeze.  The instruction card is simple, accurate and complete.  These really do work on everything, including my phone and PC.

Sound quality is not up to the standards of clarity you get from really expensive audiophile headphones, but is very, very good for something so packed with features - and at this price it's excellent.  Directional noises within games are very well separated.  Although they make no such claims, these sound like surround sound headphones.  Unless you're used to $$$$ headphones, you won't want for sound quality and volume.

The controls are brilliant.  Turn the outer band on each cup for sound/chat volume, press the center to mute.  The buttons are easy to feel and use.  My only complaint is that the microphone is mounted on the left cup, but the button to mute is on the right ear (and the game mute is on the left).  So the chat mute is backwards, but that's a small complaint.

I'm am so impressed with these.  Excellent sound, a solid, quality feel, packed with features, works on everything!, easy setup and controls.  I'm really hoping the quality impression plays out over time, because I'm impressed so far.","Outstanding overall, really do work on everything"
5.0,"Awesome game, fun for everyone. The missions are fun and there are plenty of collectibles and extras to keep you busy.",Great for everyone
4.0,"I've been a flight sim enthusiast since the days of SubLogic. I thought I would try a driving sim and happened to choose Euro Truck Simulator 2. What a great sim. Once you master the art of driving this thing without the aid of a yoke or wheel, its very enjoyable. If you have TrackIR, it does work with that. It will also work with a CH yoke but not very well, steering is actually more precise using your mouse than with the yoke. I don't have a wheel so I don't know how well it does with that. I do wish there was a way to link the accelerator to my CH flight sim pedals. But those are minor things and none of it takes away from the enjoyment of this simulator.",Excellent
4.0,"I wanted to play this game since I saw a small blurb about it in my Electronic Gaming Monthly (EGM) magazine when I was a kid. It was a blurb about foreign games to keep an eye on and it was for the original Playstation version. Sadly, the game never came to the states.

Many years later, this was a translation project to get the Playstation version in English, I was beyond excited, and finally I was going to get a chance to play this game! Unfortunately, that never took off and one of the main reasons is because this game was coming to the 3DS!

I of course went out and bought a 3DS just so I could play this game. Ultimately, I enjoyed the game and put in about 40 hours into it, but I never actually beat it. The story was good, catchy and interesting even by today's standards. I really enjoy the cyber punk theme, and the gameplay was tried and true Shin Megami, but I just couldn't get into it like I wanted to. I put the time in, but eventually, something else came along that interested me more and I never went back to this game. In fact, it was my experience with this game that caused me to skip the release of Shin Megami IV because I just find the gameplay to be a little stale in comparison to the Persona series.

I actually sold the game to Gamestop, but then I decided to buy it again for a second time on Amazon because it is indeed a great game, and one to own if you like Shin Megami or RPGs, but keep in mind that it will take a significant time investment.",A Classic RPG That I Had Waited Half My Life For!
5.0,"Great product, arrive when they said it would. Can't ask for more then that.",Five Stars
5.0,"I've been reading conan books since I was 6, I read at least 30 of them. I never thought I'd own a conan game, and even when this came out it seemed unimportant at the time. I got it recently because it was cheap and I love it! lots of fun. The combat system allows you to perform a huge variety of gory combos depending on which weapon you're wielding. There are countless weapons, anything you find, anything your ennemies drop, you can use. There are some sick counter attacks (when you press guard right before the impact of an ennemy hit) that send conan in a chopping, killing, bune-crushing frenzy. You fight pirates, demons, lions, big bosses.. you name it. Awesome game. as one guy said before here, a True Man's Game! not recommended for little girls.

Some people might argue that it's repetitive. But I like it! sometimes you're in an arena with dozens of ennemies at once. Do you have the guts for it?","Bloody, bone-splitting fun."
4.0,"Civ 5 is a good game to help pass the time when there is nothing else to do. When you start this though you need to have patience to play it because its not a game where you can finish it in an hour. Now lets get to the in game content. Civ 5 has been really dumbed down from 4. They decreased the way you get happiness and decreased alot of buildings and they basically took out government for social policies. You cant have religion either. There is no more U.N intervention in conflict. There is no way to regulate nukes so when a dight breaks out in late game watch out. You cant even,choose diffrent leaders for your civ its just one chosen one. Now there are alot more things that have been taken out but I want to bring a point across. They have dlc which brings alot of it back but it costs more then the vanilla version. That is ridiculous. Why do I have to pay extra for the content when it should have been in there already. The gameplay is good but im very disappointed with how much they took out.",good but disappointed
5.0,"Like the gameplay, and I'm a huge fan of the series. It gave me a nice experience, and I totally recomend it!",Very good game
5.0,"Great game, in my opinion better than Skyrim.",Five Stars
3.0,"I have a 5 yr old who loves Disney and the artists in this game.  I would have liked more music/acts for the money, but overall I thought the game was okay.  We like the duet addition and the ability to sing one of two tracks during duet parts.

My biggest issue was the lousy mic included.  It shorted out only 2 months after ownership and light duty (my kid doesn't play that much).

Also, the game disk became unplayable and Disney wanted to charge me over $20 for a new game disk.  I was able to use Disk Dr. ($40, but I get to resurrect many scratched disks) to repair and make playable.",Enterntaining
4.0,"Seems quite well built.  It's fairly heavy and consequently pretty stable in normal use (though on carpet it will still slide around easily if you bump it from the side).

I find it a bit big for my U.S. men's 11 foot - I have to move my foot in order to comfortably press any one of the four directions, rather than leaving my foot centred and rolling it.  Yet I also still find that I can't safely rest my foot in the middle, as it will frequently actuate the pad in a random direction.  That's using the default springs (mid level resistance).  The heavier springs might help that, but then I already find it tiring to use the footboard for more than a few hundred clicks at a time, due to the small but noticeable resistance against each press.  After a ""long"" (twenty minutes; few hundred clicks) session with the foot board, I can feel my calves starting to get sore.

It makes a rather loud mechanical ""click"" with every actuation, which makes it a little awkward and inconsiderate to use in a space shared with others.  It's been compared [unfavourably] to ""an annoying grasshopper"".  If you're very deliberate and slow, you can press it slowly and minimise the noise, but not eliminate it completely and in doing so you tend to risk triggering key repeat unintentionally.

There's essentially no Mac support built-in - the configuration software is Windows only.  There are 3rd party offerings, however.  I recommend ControllerMate - it lets you create combinations and sequences of actions (for any input device) of practically limitless complexity.  It's also one of the few USB controllers that work with the Stinky at all (e.g. USB Overdrive doesn't, not one bit).","Good overall, though not for intensive use"
4.0,works fine. this is a great replacement for the one the dog chewed up,works fine
5.0,"Awesome shell. Easy to assemble if you are competent at all. People who purchased and gave 1 star because it wasn't an actual controller are dummies. This is just a shell, you will need the guts of the controller. Says in the description.",Great Shell. NOT A FULL CONTROLLER
3.0,"Another ok sonic game, Still can't top Sonic Generation",ok sonic game
5.0,great fun especially when you play in the 1966 mode. Joker is too funny in this game. It has a lot of different levels which confused the heck out of me until I finally figured it out. These games are definitely made for kids but I still love to play them even though it takes a little longer.,Joker is the reason this game is so fun
1.0,"This BAD feedback is for the game, for damned EA, NOT for Amazon, Amazon's shipping and package are good.

ever since ME 2 is released I heared thousands of praise, finally I decide to buy it. Ordered on May 1 received on May 12, after this total 2 weeks of waiting, lets see what I have got here.

Compare to other collector edition game, the ME2 is relatively small and looks like non-collector edition. I ve bought world of warcraft WLK, LOTRO, Bioshock and Fallout3 collector edition, they are at least in big box, tons of staff reguardlee the values, at least the buyer feel something! at least the buyer has these many staffs to show off! But for ME2, a humble small tin box, a thin art book with just few pages even a fan book may do better than that! the comic book is just ok. Then the rest of DVD and the Cerberus Network card are just the same with non-collector edition. It's really not that worthy.

Now comes the WORST PART!

The  disc 1 and the bonus disc are completely unreadable, it is not the problem of my DVD drave because the disc 2 is fine. and all disc are new and looks good. So when you ask me how much fun is this game? how much fun do you think when you cant install the game bacause the first disc you put in was unreadable! when I tried to ignore the fact thanI cant play the game, but please let me take a look at the ""behind-the-scene"" video and found the bonus disc was also unreadable. So how much fun of this game? totally outrageous!!!",how much fun when you wait for two week and received a unreadable collector's edition?
5.0,EXCELLENT!!!,EXCELLENT!!!
5.0,I love the game and was happy to play it,Five Stars
5.0,"Fits like a glove,  no problem with plug-in tip .",PS4 sounds great
4.0,good,Four Stars
5.0,"Works great! Just like other PlayStation 4 controllers, they will go to sleep if not used for about 15-20 minutes.
No problem - just press the 'PS' button and resume operation.",Works like a champion!
4.0,"It's a decent game. Great graphics and soundtrack. Huge game to explore. The single player is fun but the multiplayer is lacking. It's not as fun as Hot Pursuit (PS3, 2010).  Also the controls remind me of The Run, drifting takes some time to get used to. There should be more camera angles. The AI is much smarter in this game compared to previous games. If the multiplayer and controls were better I'd give it 5 stars.",This game is almost as good as Hot Pursuit (2010)
3.0,Better than some but not as good as others! Your welcome!,Very uninformitave review for you reading pleasure!
4.0,Fun,Four Stars
5.0,"Depending on how you look at it,for the price of this 20 game collection is like getting free stuff. There are some very nice games included in here and in collector's edition form. Although,I already had several of the games,I couldn't pass up the deal for the games I wanted. Lots of hidden object fun,puzzles and tasks to perform. Beautiful animated graphics,with great sound effects. I especially liked Nightmares From The Deep,Cursed Heart"",a very fun experience.",Good Value
4.0,ok,Four Stars
4.0,It is what is its and at a good price.  The are well designed and do what they are supposed to.,Multi Color Stylus Pen Set for Nintendo DS Lite.
5.0,Great game I owned it once now buying back retro games for my kids to enjoy! Brings back lots of fun memories,Great RPG
4.0,It really is interesting how something can be both the best game I have played in years and the worst.  Lots of little bugs take a lot of the force out of an otherwise great game.  If all you to do was run around fighting battles it would be great the combat factor is amazing but all the other little elements drag it down.  The most annoying quests have got to be either the cattle ranching quests or the collect taxes from X village quest(makes me feel like some scumbag tax collector).  However the beauty of the game is you don't have to take the quests if you don't want to just move on to something else.  I've been playing it for 6 months now and it doesn't get respective or old I wish someone with some noodles would design a space game using this concept.,Worth a serious look
5.0,"Great game but bring back NCAA Football, we miss it!",Five Stars
5.0,Nice game,Five Stars
5.0,I just love it. Play it all the time.,Great mahjong
5.0,Resident Evil 5 - Xbox 360 ; cheep.  item comes as described,Resident Evil 5 - Xbox 360
5.0,Yes. This game IS story driven. The only way you would dislike it if you don't care about the plot or looking for an action packed game. I can see why the game is short. It basically ties loose ends of the previous title.,Great storytelling.
5.0,"It's what I expected, excellent product",a day late
3.0,This is a game,Review title
3.0,"Nothing too special, i suppose out of all the ""stuff"" packs that this one would be one of the best. For the amount of money, i thought there would be a bit more items to play around with.

Maybe wait until they give you a two for one deal.",Two for one
5.0,Thanks,Five Stars
4.0,This is a fun game but it gets repetitive after a while. Some of the cars just ruin the game for me and makes me really want to stop playing. I am more of a person who likes shooting games but this was pretty good for a racing game.,fun
5.0,"Been playing since release date both online and offline. It sucks that this is the ""last"" M.K game that they're going to make, but wow it's good. The storyline is fairly easy which is good for beginners and the story is great. It explains what happened after 2012 M.K by showing you past & present. Apparently it seems 25 years has passed and it shows! The xharacters have all aged(those who age unlike Mileena or Kitana) and some of them even  have kids who are characters in the game like CassieCage(Sonya + Johnny). The graphics are mind blowing and make all the gore so much more gorey. They've gotten even more twisted somehow by adding actualpeople as props to hit an opponent with. Interesting NEW features include a new and scary approach to the Krypt, more online options like tower battle where you rank by points earned & team battle. Another new feature is having factions. Here you choose from the choices like Shadow, Lotus, Dragon, etc. This feature keeps you occupied if you find yourself running out of things to do. Factions compete against each other, currently Sub-Zero's faction is highest ranking. IMPORTANT: my game got application error about 4 times during the introduction to factions so watch out. ALSO the Kombat pack dlc is currenlly disfunctional, but is rumoured to be fixed in a few weeks. The dlc season pass will not download for people(including myself). As long as they fix it I'm fine. COLLECTOR's EDITION: Figure has excellent quality and feel. The box it comes in is big, almost same size as PS4. Definitely worth it for die hard fans. Get thisgame, it's fun for everyone.",Farewell?
5.0,Perfect,Five Stars
4.0,played a lot of this game with my friend and my brother its a pretty great game.,... game with my friend and my brother its a pretty great game
5.0,good ole elder scrolls,Five Stars
5.0,"If you're a gamer and at the same time wanna learn how to play a real guitar, get Rocksmith 2014. It has a lot of amazing rock songs to jam and strum to. Plus, it's cheaper than taking guitar lessons from a guitar teacher.",Pay $80 once and have guitar lessons anytime!
5.0,Great,Five Stars
5.0,It worked and arrived on time.,Five Stars
5.0,need this for the ps vita spare batter charger,Five Stars
5.0,"Nintendo 250 memory card -- Nintendo packaging, looks 100% genuine, or maybe it's the best counterfeit of all time. That's meant as a joke. This is the real item.",Very satisfied with this Nintendo memory card
5.0,"1st person shooters, don't ya love em'? this game had to be one of the best adventure games id ever played. Fallout 3 was good, but this game is just amazing. The cowboy guns and new enemies create a completely different seen when traveling the wastelands. If u were not that interested in the 3rd fallout, i don't think you will feel the same way with this one. FNV has introduced factions,new guns and enemies, Las Vegas Fallout style, and crazy twists and turns... a definite 5 star rating!!!!! i had to beat the game 3 times before i could get enough!",Fallout New Vegas best yet
5.0,Exactly as described,Five Stars
4.0,"Gigantic! But compared to the original 360 adapter for PCs, this takes up a lot less space. Connectivity has been great.",Connectivity has been great.
5.0,"I got the limited edition Zelda 3DS so protecting the outside of the system from scratches is just as important to me as protecting the screens. The case fits on very tight, so I wouldn't recommend removing it frequently as it may scratch the system. It shouldn't be an issue for putting it on once though. You can't use the charging cradle with it on, but it's a small price to pay for this kind of protection. It adds quite a bit of bulk to the 3DS, but I like it. It feels really solid in my hands. Really good protection for your 3DS.

PS: I'm not sure, but I doubt the&nbsp;<a data-hook=""product-link-linked"" class=""a-link-normal"" href=""/Nintendo-3DS-Official-Circle-Pad-Pro-Attachment-3DS-Sold-Separately/dp/B007KYRV1U/ref=cm_cr_arp_d_rvw_txt?ie=UTF8"">Nintendo 3DS Official Circle Pad Pro Attachment (3DS Sold Separately)</a>&nbsp;will attach with this case on. I don't have any games that require it.",Should protect my 3DS from scratches.
5.0,Works,Five Stars
1.0,"Broke after a week. Just stopped moving the pointer across the screen,",One Star
5.0,"Product arrived quicker than expected, in great shape and condition. Very reasonable price for what you're getting. Works flawlessly and conducts electricity very well through usb. Lastly it saved my controller.",Wired Controller USB Breakaway Cable Cord for Microsoft XBOX 360
5.0,"This is possibly the best purchase I have made online ever. The game comes with an extra Wii Remote, and is totally fun. It is more mini games you can play alone or with up to four people - things like billiards, lazer hockey, cow racing, and a shooting game similar to duck hunt. Since I couldn't find any Wii Remotes or Wii Play games for sale anywhere in my area I was thrilled to be able to order it on amazon for such a great price.",Wii Play
5.0,"Well first impressions GREAT value!
Day 1 Reaction
PS3 - DOES NOT Fit. Horrible (0/5)
PS4 - Fits fine, not much difference contorts fine though w/ some grip (3/5)
Xbox 360 - Takes some working to over a stick evenly, but feels good if you get center 4/5
Xbox One - Amazing alternative to Alpha Kontrol freeks if you just want a cover.  The grip is much better and covers the inner circular ""hole"" the XB1 sticks have. Not much more width increase (maybe 5-10%?) but less likely to slip off. (5/5)

Need to stress make sure you center them correctly.
Again will update this down the road.  Lets see if they last 2 weeks w/o disintegration like Kontrol Freek Alphas
--------------------------
1/30/15 Update

I'm back just to say how amazing these are.  I don't know how a 4 pack is still sold for under 5 bucks.  As of today I have removed my Alphas entirely, ordered ANOTHER 4 pack of Grip-Its and am just so happy w/ them.  I also want to change up some ctrl feedback

PS4 - I'd worked w/ it some more, and yea - there's a big difference.  Plus I heard ps4 sticks are easily rubber-destroyed. (search youtubee )  = 4/5

These LAST.  Holy crap a product for under 5 bucks made by some small company that LASTS.  But still they don't fit the ps3 sticks! XD  XB1, PS4, 360 are wonderful.

By them today!  By them yesterday!",Great Value Product! AND LASTS!1
5.0,fun,Five Stars
5.0,"This is the one that works...

Buy it, use it, try to sell it. Because I seriously hate Microsoft for making a product that could only be used 1 time.",It works
4.0,"Good feel, fit fairly nicely. A bit baggy at top, but does not interfere with inputs or buttons. Allows me to have colored controllers for every XBOX user in house. Would buy again.",Good feel and anti slip
3.0,"all the detail in the game is really mesmerizing. fascinating until you get through the first months of playing and realize commerce, diplomacy, research although keeps up a promising appearance, it just don't amount to beans, ie you can rsearch all the stuff for nuclear bombs and/or V1 or V2 rockets, the game just does not have them designed to ever really happen. the designers figure you'll be too engrossed slogging it out with the icons. a real let down and major dissapointment when i finally have to accept the game is not all they marketers promise.",looks are decieving
2.0,"Smartglass app does the same thing. This remote is somewhat useful for those without a smartphone, but overpriced.",Overpriced
4.0,"Key physical response and clicky sound are great. Much taller than expected, Needed a 2 inch thick wrist wrest to compensate.",Key physical response and clicky sound are great. Much taller than expected
5.0,"Good as expected, got time to get used to it, but once It's over you can't use other mouses",Five Stars
4.0,"I really like this headset because its lightweight and is very comfortable.  I am not a sound guru so I can't speak to all of that, but I will say that this headset does well in online gaming and you will have no problems hearing game sound/team mates speaking.  Also, at times I think that the sound could be better, but it could just be my settings.  For the price this headset is a good deal, and I think any average gamer with definitely be satisfied.",Great Sony Product
5.0,"This game excellently allows the player to revisit all of Indy's adventures with tons of characters, vehicles, and other extras to collect.",This game excellently allows the player to revisit all of ...
5.0,"Item is as described, timely shipping...",Five Stars
5.0,I'm addicted to black ops now,Great value
5.0,Fun game,Five Stars
5.0,An awesome end to an awesome franchise. Beautiful and thoughtful.,A Great End.
1.0,why do the ai cheat and draw their gun before the bell rings ubi soft does not know how to design games.,why do the ai cheat and draw their gun before ...
5.0,It came to me in perfect condition and has been tested to work. Thanks!!,Five Stars
5.0,very good,Five Stars
5.0,Great,Five Stars
5.0,"Great game, arrived in perfect condition.",Thank you
5.0,"If you're a FF fan, a must have game. Enjoyed it tremendously. Great graphics, characters and storyline. I also liked the voice overly., a big help when you're vision isn't what it used to be. The ending...? Hope we'll see what happened to Titus in the next  chapter.. Anyway, a great challenge, like all FF games.",One of the best FF games!
5.0,"Great game, with a great value behind the price.",JUSTICE RAINS FROM ABOVE!!
5.0,"This is a great game for keeping one's mind active.  It is not so difficult as to be frustrating or so simple, that it becomes boring.  I love to do the Quick Cross & Word Roundup puzzles. I find the Up & Down Words difficult.  I am afraid that the Hidato is over my mental capacity.  The nicest thing about this game for me, is that the Quick Cross & Word Roundup does not depend on handwriting recognition.  Another nice feature is that you can get clues or even the correct answers, when you are stumped.  If you enjoy word puzzles you should enjoy this game.  It was a wonderful value at the discount price I paid.",Have Fun & Keep Your Mind Active
5.0,nice..,Five Stars
5.0,"I love this product!!! It's everything that I was looking for!! It was fast shipping, and the price was great as well!!! I suggest this to anyone!!",Works great!!!
4.0,"I'm not sure I'm ever going to use this amiibo, but it's a fun one to add to your collection.",Cool looking
3.0,"My title says it all.  This game is huge but the repetative nature of the tasks makes it tedious.  If you've played other Eldar Scroll games before, you know what your getting.  The graphics are ok but I've seen better.",Huge but tedious
5.0,Good deal,Five Stars
5.0,"This game is great! I love the patient pace of it, selection of weapons, and stealth requirement. If you ever played any of the Tenchu series then you might like the Hitman series too. One of the coolest aspects is that there are multiple ways you can complete the missions adding to the game's replay value.

The later games in the series are really hot too. Especially Hitman: Blood Money. By the time they produced that one they really had the hitman experience ironed out, and the missions are a blast. Hitman: Contracts has a lot of fun missions too. All three games are great and highly recommended if you dig stealth games.",Great Stealth Action Game
5.0,"It's GTA, need I really say more?",Buy it
4.0,"I loved this game when I had it originally, however it was lost in a move. I purchased another online only to discover that the access key was smudged and therefore unusable. I sent a note about this matter to the seller, who sent me another one, same thing happened. This was understandably extremely frustrating. Yes, it did mean I went outside more often as i would play this game for hours on end, but I think of that as more of a testimony as to how great and involving this game is.  Just wish the characters could go higher then level 20.",I loved this game when I had it originally
5.0,"Odin Sphere was originally released by Atlus (and developed by Vanillaware) in 2007. It was a magical, surreal and electrifying action-adventure, wrapped in a coating of epic storytelling.

Set in the Norse realms of myth and legend, the game takes the player through the tales of five protagonists. Gwendolyn the valkyrie has just lost her sister in battle, and must fight to live up to her fathers expectations with the lingering feeling of inadequacy always nibbling at her soul. Cornelius is a human prince who was cursed into becoming a pooka (a kind of humanoid rabbit). The prince of a kingdom with monumental pressure placed upon him by virtue of his birth, he lives a very imprisoned life, one that leads to an impossible balance between the romance he wants and the endless demands of the court. Mercedes, the Fairy Queen, must lead her people to safety when her mother is killed in battle. Oswald the Black Knight wields a cursed blade, the Belderiver. He is a kind of wild card in the many conflicts that dot the Norse realm, since he switches allegiances quite often. Velvet is the princess of Valentine, and is a very strong-willed woman, despite the traumas she endured as a young girl. She is constantly torn between her inability to disobey her evil and manipulative grandfather (due to the physical abuse endured by his hand) and her desire to protect her brother Ingway and make the budding love between Cornelius and herself come to fruition.

Once all these storylines are complete, it is revealed that Armageddon is about to occur, and the characters had a hand in it, either willingly or no, and the player must dissect the information provided in a convoluted and esoteric prophecy in order to prevent the worlds destruction. This shows just how much thought has gone into creating a coherent storyline that is simultaneously both intricate and intensely personal. The characters are well developed, allowing players to care about both the characters they are controlling and the different factions involved. These are not faceless zombies or the nameless soldiers in the Call of Duty games.

The combat system appears to be a simple hack-and-slash romp, but that is a vast oversimplification. Even the physically toughest character (Oswald) will be quickly overwhelmed by sheer numbers. Since simple button mashing fails, the player is forced to play tactically, finding creative ways to evade attacks and be patient enough to hoard potions, level up and decide on the most appropriate accessory for the situation and enemies they are currently facing. Mercedes, for instance, is physically frail but can fly over most enemies. This is generally a blessing, but if you glide too quickly or float off-screen, it leaves you vulnerable to projectile attacks you cant see, especially when you come back down to earth.

The plethora of enemies and projectiles flooding the screen also led to noticeable slowdown in the PS2 version. Thankfully, this has been completely mended in this PS4 remake, so players won't be unexpectedly slain through no fault of their own.

The Storybook Edition includes a T-shirt and a delightful hardcover artbook, along with a print of Alice, the narrator. If you weren't able to get or borrow a copy of the original PS2 game, you should definitely pick up this remaster. The original Japanese voices are available along with an English dub, so fans are given the best of both worlds.",Enter the Realm of the Gods
1.0,"This chord is too short, not good for gaming unless you're sitting really close to your console. You'll need a usb extender.",Too Short
5.0,Great price. Fast shipping.,Five Stars
5.0,Thanks,Thanks
5.0,"The Shipping came Fast ,
I love that game Super Cool",I love that game Super Cool
1.0,It was a scam.,One Star
2.0,"They're a bit off center than the official ones, and they're slightly slippery, but if you really need a replacement they'll get the job done.","They Do The Job, But Warning"
5.0,Purchased this used and it was in 'like new' condition. My son loves this game and plays it often. He said it is one of the most exciting games he owns. I will have to take his word on that. Too complicated for me.,"Excellent, Enjoyable Game!"
1.0,"Complete junk. Has no hole for DSi camera. Fit is very poor, about the equivalent of taking a rubber glove and loosely wrapping it around the DSi. Speaker holes don't line up AT ALL. The SD card hole is WAY too small. AVOID!!!","Does NOT fit DSi, terrible fit"
3.0,this game does look fairly good for the vita but it definitely doesn't deserve the praise everyone gives it. I have much more fun playing sonic all stars racing or mod nation than this game.,decent racing game for vita
5.0,"This adapter allows devices that are fussy about their charging source be recharged through nearly anything. The PS Vita (which this is marketed towards) is a prime example of this, which for some reason doesn't allow users to recharge the system reliably through any off-brand wall charger, portable power banks, and USB ports on any computer. This is a cheap solution which remedies this issue, there isn't much to say other than it just works.

I am not entirely sure what other devices could use this, but I strong suggest PS Vita owners look into getting one of these for the sake of charging freedom.",A major convenience for Vita owners
5.0,Great price. Fast delivery.,Five Stars
2.0,"Too easy, not pretty, bad voice acting; is this really a Metal Gear game?",Ugh...
5.0,"This is a great product and saves on the costs of batteries, let me tell you. As a mother of many small ones, and big kids alike who all enjoy playing the wii when they have the chance - this charging dock is great!",Wii gamers
4.0,"I enjoyed playing the games and they were not hard but some scenes are to dark at the top of the picture and you just cannot see the hidden items.
They use a clue word and they call it a recorder when it's really a child's flute.  Well no wonder I could not find the item.  I was looking for a recorder of some kind.  But I had fun with it and am glad I bought it.",I enjoyed playing the games and they were not hard but ...
5.0,Underrated game,Five Stars
5.0,fast shipping A+++++++,Five Stars
4.0,Fun,fun
4.0,"Sadly by no fault of Namco, Xbox is, and was not designed to play these games.
There are no after market original xbox joy sticks on the market making this game
really hard to play.
I rated it a 4 though because it is 100% authentic, well done game.
There look to be no joy  stick in site in the future either as Xbox originals are now
on their last legs and there is no need for aftermarket suppliers to make one.",Good Really Good
4.0,good,Four Stars
5.0,excelente,Five Stars
3.0,"I can't upstrum with this guitar, but I was still able to beat Guitar Hero Aerosmith on expert",Three Stars
5.0,Fantastic!,Five Stars
5.0,my son loves these games,wow!
5.0,Excellent product and excellent seller!!!,Five Stars
5.0,great game. real driving experience,Five Stars
3.0,its okay,Three Stars
5.0,"If you're a fan of simple old-school shooters like Galaga, this game is great. If you're play it on a handheld capable of color, this game makes great use of its limited 3 color-palette. Its easy to forget it isn't in full color sometimes.(Which is probably partially due to the game being set in space, but still, its nice to look at)",One of my favorite Gameboy games.
5.0,I recommend it. It is exactly as published. I arrive at the stipulated time. Good product. Greetings from Mrida - Venezuela,Excellent product!
5.0,Excellent.,Five Stars
5.0,Very nostalgic game.  It's easy to spend hours again playing old school.,It's easy to spend hours again playing old school
4.0,The station docks both official and knockoff controllers and charges them just fine. My only gripe is that you need to remove the awkward silicone sleeves from the controllers before docking.,Works as intended
5.0,Made a kid happy- that's a win!,Popular game
5.0,good,Five Stars
3.0,"First of all, I want to mention that the bottom part of the thumbsticks are nowhere near as round as the original thumbsticks. This caused big problems for me because the joystick module is bulky and the thumbsticks would not move at all and get stuck because they were too close to the module. I was about to return them until I found a simple mod to fix my problem. I took the pull chain off my ceiling fan and cut off 2 little balls from the chain and shoved a ball into each of the thumbstick holes with a t8 screwdriver.  At this point it was a hit or miss if this fixed my problem because the balls will never come out of the thumbsticks, nor could I return them, but sure enough that brought the thumbsticks high enough off the module to clear them all around. With everything back together I am not having any trouble at all anymore. I like that they are right up against the outer shell. It gives them a sturdy feel unlike the original which could move in and out. I gave 3 stars because the product should have worked with no modding necessary, but I will buy again since I know now how to make them work properly . The metal feel is much better and probably will buy metal triggers and buttons to go with these thumbsticks.",Requires modding to work properly; otherwise great product.
5.0,Son loved it.,Five Stars
3.0,"Great manufacting, but the gameplay doesnt feel fine with Forza Motorstorm for xbox one",overall ok
4.0,"The game is fun, but I think it would be better off without experimental units and immense tier-3 artillery pieces.  That aside, my only issue is that the game crashes at least once a day.  I save often, but it's still frustrating.  Also multiplayer just doesn't work at all, and no reason is given.",Good game overall
5.0,"This game is great, it looks so awesome, like I am in control of a game thats on TV. The game play is a little different, but in a good way!",Looks like you are playing with real players!
4.0,The case that the game arrived in was pretty beat up but the game works just fine without issues. The game itself is fun and is a great party game to get a few laughs out of everyone.,The case that the game arrived in was pretty beat up but the game works just fine without ...
5.0,Love this game!!!,Five Stars
5.0,"This is what NHL 17 should have been like. Polished and with the Frostbite engine this game shines on sooo many fronts.

Singleplayer/Journey Mode:
This is what really stood out to me. The story behind Hunter dragged me in and gave me a bit more of an appreciation about soccer. I never really was a soccer fan, but after playing and experiencing this story I respect it as a decent sport. If you have not ever played a soccer game then I highly recommend you start out with this. It teaches you everything and runs you through drills as you progress through the story and make your character better.

Multiplayer/HUT:
I like the fact that when it comes to multiplayer you have options. This game has tons of them. I enjoy mostly playing HUT and it gives you the opportunity to play mini tournaments on different forms of difficulty. It can be overwhelming at times to manage a roster and make squads if you don't really know much about soccer. A little research helps a long way to figure out a system that fits your play style.

Overall:
The gameplay is phenomenal. The graphics and sounds of the Frostbite engine make this game shine. It gets  very addicting once you score your first goal.",First and Best Fifa game
5.0,"I've been a NBA Live fan for a couple of years but after a friend told me about this games I decided to do some research on Youtube to see what the gameplay was like.  Soon after comparing two games,  NBA 2K8 had won me over easily.  The movements in the game are great, exacty what you would expect in a real NBA game.  The AI in the game is also good because each team has their own style of play that you have to adapt to.  Pretty much every feature you want in a basketball games is included.  Online gaming is great very easy to use.  Great all around game.",2K sports has a new fan!
5.0,"I like the Amiibos to be honest. At first I thought they were a waste of time and money but they are actually super cool. I use this one for Hyrule Warriors and Super Smash. It's just like a DLC that keeps giving. For HW I get a new weapon for Link every day and it's super OP. For Super smash I haven't tested it much but you can level up a Link character with it which will give it better abilities and stats.

Other than the practical function...THEY LOOK GREAT. I am a geek at heart and I wear my heart on my sleeve thus I display whatever paraphernalia I can get my hands on all over my apartment. This is no exception. I only have this one but Link stands proud on my entertainment center. I will get more and make a nice little practical decoration out of them.

Overall, great look, great use, and not a waste of money.",Don't knock it until you try it
5.0,Great,Five Stars
5.0,"Some people say that Bully is not simply ""A Grand Theft Auto in highschool."" Well, I am not saying that either. However, this is a Grand Theft Auto style game aimed towards a slightly younger audience. Whether you like Grand Theft Auto or not, this game is definately fun, and worth every penny.
Overview:
You play as a messed-up teenager,Jimmy Hopkins, who arrives at a school known as Bullworth Academy. During the first day, Jimmy is already taunted and hated by everyone. Rockstar truly uses cliches and stereotypical humor in this highschool environment, adding up to be a funny and enjoyable storyline. Beat up nerds, stand up to jocks, and show the drop outs who is boss in this terrific and outstanding Rockstar game.
Complaints:
Many people believe that this game is ""not up to rockstar standards."" I would like to remind everyone that this game is basically a Playstation 2 game, in terms of graphics. This was the original platform, and they merely updated it a bit before releasing it for Xbox 360 players to enjoy as well. Graphics should not everything in a game, and for the time period it was originally made in (2006), they are actually pretty good. However, one problem I noticed with this game is the abundance of glitches. There are several annoying glitches that occur periodically within this game. Nothing too bad, just minor annoyances. Here and there are some glitches that really annoy me, like when someone attacks an adult while you are talking to them and you automatically fail a mission. Other than that, the game runs pretty smoothly.
Gameplay:
Rockstar makes up for the lack of graphics in terms of CONTENT. There is so much to do, it takes over 15 hours to beat. I have played this game many times, and even when I try to complete multiple missions a day, I couldn't beat the game in less than ten hours. My recommendation is to take things slowly, perhaps one or two missions a day, to really enjoy the game. This way, you don't simply rush through it, and you have plenty of time to enjoy the little things Rockstar has prepared for you. Here are just a few examples: You can attend classes, which are like minigames and give rewards, visit a carnival and play carny games, socialize with students, complete missions, run errands, complete jobs, beat up clique members, kiss girls, pick lockers, avoid prefects, ride a bike, race go-karts and bicycles, skate, shop for clothes, upgrade combat moves and so much more. To beat the game 100 percent would take a very long time, and is definately worth the 20 dollars you would pay.
Multiplayer:
The multiplayer option is not all that great, but it is pretty fun. Play through classes and minigames that you would in the normal game, but with a friend. It's not the best thing in the world, but it's fun at a party or something.
Differences:
There are some differences between the Scholarship Edition (this game) and the original. Scholarship Edition features 4 new classes (thats twice the amount than the original), 8 new missions, multiplayer options, more rewards and achievements, 4 new characters, and slightly improved graphics. Basically, if you have the original, it wouldn't be worth buying IF the price was still 60 dollars. However, since it is only 20 dollars, and you don't want to bring out your outdated PS2, this game is definately worth buying. I have both this one and the original, and I don't feel like I wasted any money. The color saturation and graphics are much more enjoyable, the missions are fun (but don't expect them to add a whole lot more gameplay, thirty minutes more at the most), the characters have more little phrases, and you can actually keep track of your achievements. Yes, I would say this game is worth buying even if you have the original. You won't regret it.
Overview:
So, all in all, if you are looking for a game rich with content, that will keep you busy for hours, this game is for you. I have beaten this game a few times and still find it fun. Definately a must have for any gamer, serious or recreational. On a scale of 1 to 10, I would give this game an 9.1. While it's graphics may not be the best, it's a fun game where content means everything. Truly one of Rockstar's greatest.",A Teen Version Of GTA
4.0,Ok  okay,Four Stars
5.0,nice,nice
5.0,So much win here especially for hand held gamers collectors.,Five Stars
5.0,Great service and great product...,Five Stars
5.0,"Great Product, Works wonderfully",Wonderful!
1.0,"This product says it works with Mario-Kart Wii. Unfortunately, not until you open it do you realize it only works with European versions of Mario-Kart Wii.
Not very good since both buyer and seller are in the USA!",Bad Advertizing
5.0,"A nice piece to add to my video game collection. I almost have all of the Amiibo's, and love collecting them.

As described, and will not be opened, so I can not vouch for the game play.",Collector's
5.0,Arrived on time as expected. I can't wait to play this one... thanks.,Arrived on time as expected. I can't wait to play this one... thanks.
5.0,Great,Great
5.0,A must have for Skylander enthusiasts. Your Skylander's Trap Team game adventure isn't complete without this set.,Absolutely Essential
5.0,Great game for a good price. I love playing as a detective. It is alil hard but it kinda makes me wanna keep playing cause it makes me feel like a real detective. if u get stuck just look up a video to help ya.,Great game
4.0,Cool game!,Four Stars
5.0,"Always loved mario bros for years. This 1 is like the classic but they added some extras, like the under water levels and that you can also change into a turtle. Unexpected and fun, there are some more things but i'm not going to spoil it for you. If you liked the past games you will love this one. if your reading this that means you like the game and are interested in it, so do yourself a favor and go buy it :)",classic with some new twist
5.0,great,Five Stars
5.0,I actually bought this for the 3DS - it works for that as well. I have bought screen protectors from Power A before and I've always been satisfied with their accessories. You can't beat this charger for the price; it is probably so cheap since it is only marketed as a DSiXL charger.,A nice little charger
5.0,She works great and I absolutely love her.,Five Stars
4.0,"I didn't pick up an Xbox until the first Ninja Gaiden game came out. It is a good system and at the time I was really impressed with what it offered. No memory cards required and the ability to burn CD's onto the hard drive made it very appealing. However, there were some drawbacks. Having to buy a remote(I can't help it, why buy a remote if you have a controller...) to watch DVD's seemed a bit ridiculous. The first design for the Xbox controller was also terrible in my opinion. Seriously, it was way too big(like holding a turtle shell). The S-controller that they later released was perfect, though. All in all, the first Xbox was a great machine. As far as I know there weren't any big issues like the RROD. I think there was some sort of power cord issue(fire hazard) but that had to do with someone leaving their machine on for days without catching it(these weren't meant to be left on all the time). With some great games over the years, the original Xbox has some reasons to be acknowledged. I give it four and a half stars, only removing half a star because of the remote thing(give me a break).",The X-box
5.0,fun game,Five Stars
5.0,Would of been nice if this bastard was released in the limited edition I originally bought.,Backward release.
5.0,This system rocks and if you to play castlevania 3? Get it on Wii virutal console,Five Stars
5.0,"Compared to this Turtle Beach is trash. Anything compared to this is trash. So many companies make flashy ""gaming headsets"" but this is a true gaming headset. The microphone is great and the sound quality is just absolutely superb, you can use it on PC, Xbox One, PS4, I use it across all 3 and out of the gaming headsets that i've tried before this is definitely the best and for a great value.",This is a true gaming headset.
5.0,Great product fast shipping,Five Stars
5.0,This Game ripped off all the recent game who ripped castlevania off first...chain cross/sword from castlevania inspired kratos' chain daggers so Castlevania ripped it's style back from god of war...and did it very well...this game is an underrated hidden gem,better than expected
5.0,"I like the objects that are ""hinted"" at instead of just named.  A whole game like that would be fun.  Would buy any from this company.  They have not disappointed yet!  Go Pop Cap!",Good graphics
3.0,Wife's Game,Three Stars
5.0,Great Christmas gift.,Perfect last minute gift!
5.0,This makes your joysticks feel so comfortable i love em,Five Stars
5.0,Works perfect and is very stable.  Finally the kinect sees my feet when I play games as it was not high enough just sitting on my tv stand under the tv.  Very happy with this mount clip!  I want to mention that when you adjust the back arm the plastic makes a snapping noise and it sounds like your breaking it.  It's normal though :),The kinect finally sees my feet!
5.0,Still work,Five Stars
5.0,Best game I've ever played. long game with lots of action and very creative. best game I've ever played or owned. Highly recommended!!,Best game I've ever played
5.0,I love this game!,Five Stars
5.0,Do a Good job on time,I well something
5.0,Love the graphics and the challenges of this game. We are big fans of Lord of the rings and Hobbit so this was a must have on our list. Movie realistic graphics come to life in this game. Provides hours of fun and challenges to overcome. We definately have enjoyed this game,Movie realistic graphics and challenging
5.0,"been using it for a long time and it does exactly what it's supposed to do. the lights are a bit bright, so keep it out of eye-shot or it can get a bit distracting.",great charger
5.0,buen producto,Five Stars
4.0,I've always been a big fan of the 2d Naruto games this game us great since it's loaded with content and lots of characters the only down side being that the story mode opponents are though as hell.,Pretty great with only one downside
4.0,"Love playing this game its so much fun, love how diverse the racing environments are lots of fun, a challenge",cool
5.0,"It does some aspects, such as suppression and supply line, even better than my old favorite Panzer General II. However, the built-in scenarios frequently restrict the ways these features can be exploited strategically. While its theoretically great that you can render a heavily fortified enemy force ineffective by cutting off its supply, it does little good when there is a supply point right next to that force, or if any vulnerbilities in an extended supply line is so far off that the time it takes to exploit it is beyond the window for victory. This limitation does however make the few times when such strategy works even more satisfying.

Therefore it is no surprise that supply is where UoC's AI shines the brightest. Because success in scenarios is measured by time, any interruption to the attacker's momentum (and the player is always the attacker against the AI in all pre-made scenarios) can potentially cost victory. A nearly destroyed enemy infantry can move across your rear and cuts off your supply for one turn; even though that infantry is immediately destroyed the next turn, its actions still prevent your armor spearhead from much needed recovery from suppression. In a game where some scenarios measure victory in a handful of turns, even one ineffective turn can be critical. Beyond that, the AI doesn't deviate much from bulking up some units near objective points and holding other units on the front line (another neat UoC feature; you actually see the frontline on the map and it has effects beyond supply). Those frontline units typically do not move unless their supply is cut, even when the tactical importance of their position has long disappeared. I am not faulting the AI in that regard; it's hard to design an AI capable of matching human strategy, more so for a game of some depth like UoC.

And so we come to the truly great part about UoC, the scenario editor (as of v1.04b, which Amazon kindly includes) and PvP capability without which I would have given the game 4 stars. The game has an intuitive interface and easy to grasp mechanics that can be used to create quite deep strategic situations. Not happy with the build-in scenarios? AI not challenging enough for ya? Not a problem; you have to the tools to make your own battles and play with friends and strangers alike.

At this point I feel I should say something about the game's audio/visuals. It's clean and comfortable. You can see everything you need to see without superfluous distractions. The sound is functional and blends into the background. They're just what this kind of game needs.

I was actually compelled to write this review not specifically because of the previous factors. In several scenarios of the campaign, I had to sacrifice my chance at ""brilliant victory"" and settle for ""decisive"" ones because I found the order the objectives were to be captured for ""brilliant"" to be less than ideal, sometimes from the start and sometimes as the battle developed. Then the centerpiece scenario at Stalingrad came around and I won big as the Germans at relatively small cost. The ridiculousness of the situation hit me, and I realized this must be what some of Germany's real generals felt during WWII. You start many scenarios in the game with problems not of your making: units out of supply, frontline breached, etc.--situations that are unthinkable in most other strategy games I've played. Therein lies the beauty of UoC. For almost everyone who fight in it, war is not a clean slate that you get to fight the way you want. For German generals in WWII especially, many were asked to fight in impossible battles from Operation Babarossa onward, professionals doing what they can to resolve problems created by others with unrealistic expectations. Many strategy games take the setting of the Eastern Front during WWII, but few portray the hardship and helplessness of that theatre even to this level. I find UoC quite special in this way, not just glorified chess but a glimmer of a true war game.",A solid turn-based strategy game like the good o' days
5.0,"Best snowboard game hands down. If you enjoyed Skate or Amped 2 then you need this game. I have been longing for a snowboard game like Amped for years and now here we have it. It's an updated next gen snowboard game that you can do all grab, spin, flip variation realistically. Better than Steep, better than Snow no doubt.",This game is LIT!
5.0,"Another great entry in the MarioKart franchise. If you're new to the franchise, it's never been easier to start, with multiple control schemes, choice of automatic or manual steering, difficulty levels, and a huge number of vehicles, characters, and tracks. If you're a veteran, I'd still recommend it for the sheer volume of content and new things such as bikes, tricks, and more racers per race (12).

There are some things that might trouble some veterans, however. Most notable is how swingy the items can really make the game, easilly causing a shift of several places one way or the other with the use of a single item. There are also many attacks which can hit opponents wherever they might be, and there is no practical way to protect yourself against many of these. This can be frustrating. There is also no multiplayer GP mode, although with versus you can pretty much make your own GP mode, and there's even a new team mode. But between all of the new content, and even the return of some stages from other MarioKart games, I would still highly recommend fans pick this one up.",Multiplayer Fun
5.0,very good,Five Stars
4.0,"BUY THIS GAME. flat out. if you have a psp then there is a list of games you must own:

Kingdom Hearts - Birth By Sleep
Final Fantasy - Dissidia
Dragonball z - Tenkaichi tag team
Final Fantasy - Crisis Core

even if you aren't a fan of the games' series,... these are all HUGE HITS. theres a reason why they are popular",a perfect blend
5.0,Works great,Five Stars
3.0,"was entertaining to play, but graphics and gameplay definitely did not meet up with my expectations, just seems more colorful rather than detailed",okay
5.0,Works great! Love the design!,Five Stars
4.0,"The microphone quality is really good and is quite lightweight, but might hurt your ears after hours of use.",Great headset for the price
5.0,"My other cables didn't charge the 3ds while playing it only in sleep mode, but this one I can play and charge at same time.  Definitely good product.",Definitely good product.
1.0,did not work as advertised .  needed internet to use,One Star
4.0,"My grandson loves this game system.  The only problem was having to register with Nintendo and establish an account to download the game.  He has an identical unit at his mother's but they have the disc and didn't have to register for an account.  The process is also convoluted and confusing, but not insurmountable.",Super Mario Maker Console Deluxe Set
5.0,Sick,Five Stars
5.0,"A Christmas gift for my grandson, he is loving it!  There are a lot of violent video games for kids, but this one is just right.",Great kids' video game!
3.0,"Bethesda didn't make this add on - obsidian was contracted to make it.  in a lot of ways, they improved it.  It's grittier, more real but also can be unforgivingly difficult.  Radiation in any irradiated area builds up much quicker.  Too quick, in fact.  The many different ammo types become a real pain rather than adding a level of interest.  All of your equipment, ammo, etc is a phenomenal money sink.  You will find yourself farming enemy spawns over and over again just to be able to afford some basic ammo.  That got tedious and tiring very fast.  It's also somewhat linear.  You are forced along a certain route.  Now, it's not a terribly narrow route but none the less it is a route.  You don't have the same wander freedom as you did in the original.  I sunk over a 100 hours into this and never made it to new vegas.  You don't have any real housing until you get there and are deep into the story - which again, is a pain in the ass.  If you're more of an ""old school"" (think early 90's) gamer then you'll love it.  If you wish old school would have stayed in the past where it belongs then it's probably not for you.",different developer - different product
5.0,"It has been a year, works great and no problems what so ever",works great and no problems what so
5.0,THANKX!,Five Stars
5.0,"This sleeves works great with my slim ps vita, you can add a game or two plus a sd in the front pocket.",This sleeves works great with my slim ps vita
5.0,"I like the first one and wanted to get the next one and it goes on with some more harder games . But fun to play. The games are like the computer , your time goes fast when you got a good game to play. And I thank Amazon for there out standing work of getting the best stuff to me. All the stuff I got has been what they say on Amazon . And orders have been on time and product have been great.",Touchmaster 2
4.0,fun game with way to many microtranactions. and if you preordered it you have to check your email and order it via a promotion code. and wait even longer. the game is fun at least so 4 stars.,Great for rich kids!
5.0,"i got this for my husband and i think he will love it. he has been waiting for this to come to the one so long.
this will be a good Christmas.",love the music
4.0,4/5,Four Stars
4.0,"I wasn't expecting to enjoy this game quite as much as I have been. This game comes with a decent diversity of game modes. Unlike other games in the series, this entry is clearly geared toward welcoming new players into the fold. To that effect, a surprisingly lengthy 'campaign' mode introduces you both to the stories from previous games as well as to the controls, giving you advice on various moves and strategies. The 'story' in this is nigh-incomprehensible at points, but what is important is how it allows new players to become acquainted with the DOA universe.

The gameplay itself is, as always with DOA, fantastic. Eschewing the combo-heavy action of games like Street Fighter, DOA: Dimensions is more tactical and might be likened to a complex game of rock, paper, scissors. You can, of course, get through quite a number of fights without any kind of discernible strategy, just punching and kicking stupidly, but you'll get creamed if you attempt this in some of the game's harder modes and difficulties.

There are various modes on display, such as tag battles, survival battles, and more classic arcade-style assortments of enemies. This title also sports a fluid and workable (if somewhat restricting) online battle system. I suppose I should mention the showcase mode as well, which allows you to take 3D photos of figurines of the various fighters that you win through completing challenges, but most people won't spend much time on this aspect of the game.

Control-wise, I am fairly impressed with what is on offer here. The circle pad and various buttons allows for fluid fighting, but there are also touch-screen buttons that allows the player to execute various commands automatically. I personally have no use for this control style, as, even though I kind of suck at fighting games, I still like the jerks and jabs associated with moving an analog stick around and pushing physical buttons. It is nice, though, for people who aren't accustomed to the fighter genre and might have difficulties with the default control style.

The number of unlockables in this title is fantastic. Besides the large number of figurines, there are quite a few unlockable characters. The true star of this game, however, is the large number of costumes you can unlock for virtually every character. Many of the characters have 3 or 4 costumes that can be unlocked through completing various in-game achievements, and then have 3 or 4 more costumes that can be downloaded (more on that in a moment). This leads to a variety of looks you can provide for almost any given character.

The downloadable aspect of this title is simply awesome. Every day, according to certain release schedules (re-releases of the same costume information are continuing into 2012, which is good for newcomers and bad, I suppose, for early adopters), new downloadable costumes are being released for various characters. Once a week there are special 'throw-down' battles that can be downloaded onto your 3DS. Some of these battles are surprisingly tough, and they can help build your ranking for online battles. The information is automatically downloaded when you turn on your 3DS' wireless capability and close it so that it goes to spotpass. If the information downloads successfully, a little dot appears on the avatar for the game when you're in the main menu, and when you start the game, directly after the title screen, a notification will pop up letting you know what was downloaded. Very useful, and these constant digital releases help keep the game in my 3DS and thus also lead to me playing it more often (almost every day).

The graphics themselves, in 2D, are fairly impressive. It looks better than every game that came before DOA:4. Cutscenes are unimpressive, however, as they aren't full motion.

Also worth noting is that the language options for this title can be customized. I switch between the Japanese and English language options quite a bit.

This review wouldn't be complete if I didn't mention the fanservice/cheesecake factor that is prevalent in this series, and especially in this game. This series became (in)famous partially due to the attention the programmers payed to the breast movements of the female fighters. The breasts are floppy and fluid to the extent that they seem to obey their own set of physics in the battles and elsewhere. The gyroscope function of the 3DS can even be used to shake the breasts of the female figurines in showcase mode (which helps to add considerably to that mode's oddly voyeuristic feel). Moreover, the costumes on these ladies (especially the downloadable ones) can be very skimpy and/or kinky. Consider that at least two female fighters can be dressed up in cat ears and skin-tight leotards which take care to preserve an ample amount of cleavage in the breast area. This will be a definite pro for some and a con to others. This game's focus on T&A will come across as either awesome or creepy, depending upon your personal temperament and proclivities. If you're uncomfortable with women being dressed and presented as sex objects, I'd advise you to either avoid this game entirely or else only play one of the male characters.

There aren't too many problems with this game, but a very big one for me is the implementation of 3D. It's not that the 3D looks bad (although some uses of it are better than others: for instance, it is very awesome, when you play this game for the first time, to watch the game's title pop-out at you in the opening screen, but cut-scenes and battles look pretty unimpressive in 3D), but that turning the 3D on during battles cuts the frame rate from 60 fps to 30! This isn't a problem for some other games with less-than-stellar 3D processing, such as certain turn-based strategy games, but a fighting game needs fast gameplay, and the 3D just kills this title's speed. This wouldn't be a huge issue for a budget title, but DOA is a big franchise! Also, I know for a fact that this game could have done better. Mario Kart 7, for instance, both has a far superior 3D effect AND runs at 60 fps with the 3D turned on. Similarly, games like RE: Revelations do great 3D just fine. I play through almost everything on this system with the 3D enabled, even for virtual console games, where the outside border can be given a slight 3D pop. But I just have to turn off the 3D for the battles in this game, which, of course, are the meat-and-potatoes in any fighting game. It doesn't kill my enjoyment of this, obviously, but it does keep it from being a five-star product. A 3D game on a 3D system should be able to process 3D battles without choking on them.

Ultimately, game-play is the most importantly aspect of any game, and DOA: Dimensions shines in this respect. The game is available here on Amazon for under $30, which is an excellent price. Fighting games tend to be one of my less favorite game genres, and yet I've spent quite a bit of time on this game. It is fun. Flawed, but fun. Recommended.",Very fun portable fighter with less-than-stellar implementation of 3D effects
4.0,"These thumb grips, or other quality ones you can find, are a must have to protect the controller rubber wearing off. These do their job well. They fit perfectly and easy on your thumbs. They has started wearing out and become a bit smoother so their durability is average in my opinion. Shop around first since there are many other grips currently available on the market.",They fit perfectly and easy on your thumbs
5.0,Great product!,Five Stars
5.0,"There are many injustices in the world. Amongst gaming these offenses take on the form of games that go under-appreciated despite often being ""better"" than the hyped titles which overshadow them.

Back when I was an early 20 something my best friend was nice enough to share his pc with me and introduce me to Diablo. It was the first game of its' genre I played and I was immediately engrossed by it. Diablo wasn't a game of complexities. In it gamers filled the shoes of a lone adventurer tasked with helping a troubled town via clearing out a foreboding cave of its` demonic inhabitants. Along the way the unlikely hero chugged health and magic potions to survive. A beleaguered slayer of the damned could also buy or find ""better gear"" to prepare for the worst case scenario right before diving back into the bowels of hell. Every once in awhile the wary protagonist encountered a ""boss devil"" or ""boss undead"" which was 5 times more mammoth than anything else encountered before. The ridiculous scaling and size ratio of ""under lords"" when compared to their lesser minions instilled dread and tension in gamers everywhere.

A year or so later I got the Diablo 2 Battle Chest. It had more classes, a more in depth plot, and a bigger world and yet the magic was already wearing thin for me. Blizzard kept fooling around with things behind the scenes. Certain characters such as the paladin got ""nerfed"" while bosses and creatures were changed around to the point the strategy guide that came with the Battle Chest was no longer very helpful. To this day fan-boys still claim Diablo 2 is THE BEST of the pack. I cannot help but to think this vocal majority is too doped up on the opium of nostalgia to have an honest opinion.

Don't misunderstand me. I have endearing memories of Diablo 2 yet for some reason the first Diablo is my favorite between them. I'm probably in the minority so weigh that with a little discernment.

It's my personal viewpoint that Titan Quest Gold takes everything Diablo 2 did and does it better. Set in the world of ancient Greece it chronicles the story of ""The Titans"" emerging from the under world to wreak havoc upon the gods and their mortal followers.

The first thing to take in is the game is beautiful for an isometric dungeon hack. Tall grass sways when you run through it and despite the cornucopia of vibrant colors, detailed flora, impressive water effects, voiced dialogue, and  thick hordes of enemies the frame rate only stutters occasionally.

Classes are also much more varied. Though you start out on one path of mastery you'll eventually get to choose a secondary focus and these ""combinations"" add infinite possibilities. For example when I combined my hunter with a wanderer I got a ""Ranger"". This allowed me to quicken the rate of my healing items, summon a wolf, and gave me bonuses when fighting any opponent of a somewhat bestial nature. By contrast my friend who joined my campaign was an eclectic blend of a warrior and a necromancer. He could call upon a lich, buff his attack damage, and lay waste to just about anything that was unfortunate enough to enter his path! Our co-op lan party was a seamless experience. After partnering up we could do in game trading and share experience.

If you're afraid Greece is going to get tired to look after awhile, Iron-lore has you covered. You'll travel through Sparta, The Silk Road, The Mediterranean, Egypt, the pits of Hades, and along the creepy shores of  the river Styx to get to the bottom of all the unrest and upheaval.  Titan Quest has a robust bestiary of monsters to compliment the exotic locales. If you're the type who studies mythological creatures and ""ancient civilizations"" in general this game will be your chocolate covered cherry topped Sunday!

Accompanying the mass scale slaughtering are countless item drops. Not only can you collect hundreds of weapons, shields, rings, necklaces, and armor pieces but you can also further enhance them via an alchemy system.

Normally the sheer scope of Titan Quest's massive world would make it daunting to explore. Fortunately, a convenient artifact allows participants to instantly portal to any previously visited town whenever they wish.  This device is likewise a two-way dimensional gateway enabling players to return to their dungeon without any hiccups or hassles!

Assuming I had a few points to knit pick it would be the voice acting itself isn't the greatest, there are very few ways to customize your character's appearance beyond a gender choice, and the flow of the narrative never gives you a sense of personal investment or identity.  Aka the flaws that have been with this genre since its' inception are still lingering around like annoying pigeons on the lawn.

For you if

If you are still waiting for Diablo 3 to chug along you cannot ask for much better filler than Titan Quest. Along with the Sacred series it's a standard setter of the hack n slash rpg mold. With great co-op, beautiful visuals, and easy to understand game play TQ makes it easy for gamers to pick it up and play it without unsavory snags of frustration! TQ also is a love letter to ancient myths, legendary heroes, and old world civilizations.

Not for you if

Many players of rpgs eventually move onto more complex examples of the genre. Sometimes we like an rpg with multiple choices that plays out like a well written book. If you can level anything at TQ it is that its' world is bland save for its' combat. Npcs don't give you a choice of diverse actions to respond with and your hero is built solely for collecting loot and slaughtering  droves of baddies. There are gamers out there looking for the next Elder scrolls, the next Mass Effect, the next Witcher, and the next Deus Ex. For them TQ's old fashioned linear conventions could be more tedious than  fun.

How does it compare to the competition?

Sacred Gold and Sacred 2 have the inclusion of mounts whereas TQ is lacking.

However, TQ has a more diverse combination of skills and classes. What seems limited at first opens up later when you realize you can mix and match any two occupations to build a unique character.

Sacred 2 definitely seems much bigger when it comes to the sheer scale  of its' map. Not only that, but Sacred Gold & Sacred 2 are more of an open ended sandbox allowing you to do quests in any order whereas TQ plods you along in a rather linear direction despite a few branching side quests along the way.

For me co-op was more enjoyable in TQ than it was in Sacred 2 and Sacred Gold. Being able to trade gear with your buddy effortlessly and share gold are major pluses TQ does better than Sacred.

The missions seem more varied in the Sacred series but I personally found many of the escort missions to be nay impossible due to the stupid AI of my companions. By contrast TQ's objectives are less frustrating.

Both competitors break even. If you want mounts, a gigantic map, and the ability to do tasks in any order I'd suggest Sacred Gold or Sacred 2 but if you want a wider array of character builds, smoother co-op, and numerous skills TQ should be your main!

Final verdict

As a hack n slash treasure nabbing rpg TQ gets 5 out of 5 karate chops!

As a riveting epic with interesting characters, branching story paths, and unexpected plot twists it gets 1 disappointed sigh of sheer boredom!",Almost flawless gem within its' own sub genre!
4.0,"Bought for a friend. He says it isn't as comfortable as his Razer Blackshark, but he says it's literally $50-80 cheaper. On the mic side, his voice sounds fine so, it seems good for the price.",He says it isn't as comfortable as his Razer Blackshark
5.0,"Super easy installation.  Make sure you charge the battery fully before using your ds.  I charged my 3ds while it was off.  The battery last substantially longer, and the charging port works (although I choose not to use it.)
I would buy this solely for the extended battery.  It is a fantastic offer.",Works as described!
5.0,"I could not wait to play this game, once arrived (which was SO much sooner than estimated) I opened and immediately began to enjoy myself. Sure I don't know how to read Japanese but that didn't matter too much because the gameplay was so amazing. If your worried about navigating through the menus/stats/options there are PLENTY of translation guides online for this game. What makes this game really cool is the customization you have on your Gundam and it's weapons. Also there are challenges and rankings for completed missions. If your worried about a stat limit on your Gundam upgrades there is a secret and difficult way to unlock an option of a much higher stat limit, I myself have not unlocked it for I just started playing. An there are more than just main quest missions, there are extra more difficult missions, versus gameplay like normal Gundam battle free for all, a collecting points game with your AI partner and more. An if your able.. Take it online and battle your Gundams against real players. Supposedly there are around 116 Gundams/Mechas you can unlock in this game... That's INSANE! Oh you can also create your own matchmaking with the ability to change the game options like time limit, max score limit, allowing or disallowing passive, additional skills, changing the music and map to your liking. I've only been playing for maybe 2 hours and I cannot tell you how much fun I've been having. I love all the Gundam series and especially SEED. Not a lot of fans enjoyed SEED but to hell with them, this is worth getting.. I promise you won't regret it. The Japan Imported price is worth it and like I stated at the start, the game got to me here in Delaware QUICK!!!! 5/5",Gundam Game
5.0,"what can i say, it's final fantasy X. lol. all these years later, and this game is still entertaining and amazing as ever. great buy! absolutely stunning graphics!",you won't regret buying this!
4.0,"I like this series and play just the single player version. Its challenging but I would say not enough to say this game does not get stale in 6 months or less. I don't spend hours playing if I did, I would probably feel cheated that this game did not hold much challenge. Maybe online it might be better?
One thing I don't see is much in the way of defects in game play. I give the developers credit for increasing complexity and reducing code errors.
Only once did I get a freeze up, and it quickly corrected.","Single player good, can't speak for multi player online."
5.0,Grandson loves it,Five Stars
4.0,"My name is Logan and I'd just like to say that this game is freaking awesome. I am big on collecting SNES, N64 and Gameboy games. Rock'n Roll Racing is one of those minor rare games that costs like 45 bucks at videogame stores, got this for a killer deal though and am happy about that. Docking a star though cause of some weird metal stuff on the cartridge that is impossible to get out but at least I can see most of the label art, label is definitely important but other than that... it plays perfectly and is one of the best racing games. Definitely beats Super Mario Kart!

30 bucks though for this game? Killer deal!",My name is Logan Ledferd and I'd just like to say that this game is freaking awesome
5.0,"My son is happy to finally own one of his favorite games, Terraria. I've played a little of it myself and see why he loves this game, it's got the old 2D game feel but with a cleaner better running feel to it. I'd recommend it to gamer's who haven't tried it out yet.",Good old time 2D feel game.
5.0,Love it!,Five Stars
5.0,love it,Five Stars
5.0,this game is intense,Five Stars
4.0,"It's a power adapter, so the primary judgement should be whether or not it charges the product that it is intended.  In that regard, it works.

It is the same exact OEM charger that arrives with current gen/""old"" 3DS XL/3DS/2DS handhelds, so no concerns there.

Only slight problem I had, and the reasoning behind the one star deduction, is that the adapter arrived somewhat dirty.  After cleaning the entire item (plug to plug) with a couple alcohol wipes, looks as good as new.  All set to buy the ""new"" 3DS XL now at some point in the near future.",Good alternative to boxed retail item
5.0,"Cheap noise cancelling PS3 mic, or USB webcam. A bargain for either purpose, IMO.",Five Stars
5.0,ok,ok
4.0,"I first wrote...'bet this would be a really fun game but I'll never know as it just won't load.  I even got a friend's son...serious teckie...to try it for me and he couldn't do it either.  He can't 're-write  bits of it to make it work either.  too bad.'  then, one rainy day I was going to toss it but sat down and fiddled and fiddled and fiddled.  finally got it to play  by turning windows features 'off' and resetting screen to 1680 x1050 (32) at XP sp2. it's cute and funny with great cute characters, fun dialog, great settings and plenty of them.  the 'got to do before doing' is fun and logical and you work, so far, 2 characters.  a little too much prattling on at times but it's fun prattle.  Reminiscent of Ankh 1 and Monkey Island and runaway 1.",finally got it to load and it's fun
5.0,Still my favorite after 5 years.,Five Stars
4.0,I wanted the game and have it for my steam account and it was on sale too.. not played it yet.,steam game
5.0,GT4....Yes!,Great game
5.0,great job,Five Stars
5.0,Great time killer.  Stronghold has always been a fun casual game.  Doesn't take much to learn all of it. Highly recommended.,Fun
5.0,"- not very heavy
- the function key becomes 'always active' if you hold it down for a couple seconds. I think this is completely unnecessary and annoying
- there is not one setting where all backlights can be turned off. There is always some key lit
- the number pad is useful sometimes.
- the shorter width creates optimal arm spacing while playing games that use wasd and mouse",really nice
4.0,"Loved fallout 3, so pre ordered this. I haven't had a lot of time to play, but the time I have spent on this game had been enjoyable. Action starts off slow but I think it will be a good time and will last hours",Loved fallout 3
5.0,Nice looking amiibo,Great
4.0,"I usually give everything I buy five Stars. It's just this looks like a a fake game. I don't know about the seller but the actual CD Game looks like it was made from my backyard. It plays ok, no complaints from my kids. It took me time to actually wrote a review it's because I want my kids to test it out if this thing was really original. So far so good.",Being Honest
4.0,"Excellent game in my opinion. The gameplay loop/design can be a bit repetitive, but the setting and characters MORE than make up for it. Great game and a neat look at the time period and locations.",A really good game that makes up for flaws with characters and setting
2.0,The rca canble don't produce sound! U tried on 4 tvs and nothing i am disapointed,No sound
5.0,Good product,Five Stars
3.0,"Game works and runs well, yay to the programmers. I just personally find the single player boring and dated. You move through a fairly narrow playing area, it's not an open world. You shoot bad guys along the way. You're a rat in small rooms & hallways - a rat with a gun. But, having said that, back in the 1990's this would have been a great game.",Code of Boredom
5.0,ITS A NES,ITS AWESOME
3.0,"I play this a lot, but not nearly as much as Lego Lord of the Rings. You'd have to play the game to understand, but part of it is that the Hobbit movies are far inferior to the Lord of the Rings. Secondly, the gameplay is frustrating, and you have to play each level over and over and over (and over), particularly to beat the time challenges. Plus, there are so many tasks to complete that it's hard to keep track of them all. You end up playing levels with no actual improvement in your performance. Moreover, it's super hard to remember what you have accomplished and what you haven't. Finally, you have to constantly change characters to accomplish certain tasks. And yet, I play it nearly every day. What's the deal?","Worth playing, but takes a back seat to Lego Lord of the Rings"
3.0,"The most annoying game i have ever played in my entire life. The main character has a mind of his own. Im not going to rant about how annoying. if you played this you know exactly what im talking about.
But over all a good game. cool story.",Meh
4.0,"If you enjoy creating your ""sims"" and choosing their features and personality, you will like this. It is cool to create your ""Perfect Pet"". I got the disk, and it was easy to install on to my mac. It is everything that I expect from ""The Sims"".",Creating your own pet
5.0,"Ultima 6 and 7 have to be the best games I have ever played.  I remember nights where I would stay up all night crawling thru a dungeon in 7 with the hairs on the back of my neck standing up because the game was so  thrilling to play.  Sure the graphics of 6 are outdated, but anyone who has  played thru it entirely knows the gameplay more than makes up for it.  These games had a very strange atmosphere which made you wonder what would  happen next.  Another great thing about them is you can move/steal any  object and kill ANYONE at any time which adds up to months more  entertainment besides just the great story.  Ultima 8 however was a  horrible action type game made by EA and not the original director.  But 6  and 7 are a fantastic deal at this price, especially for collector like  myself.  The only gripe I have is that Ultima7 was not redesigned for  windows and you may have some problems getting the mouse/sound to work.  It  would have been easy for them to redesign it for Win98 and would have saved  alot of people headaches.  Still this is a fantastic piece of gaming  history. BUY IT NOW!",Best games ever made!
4.0,"Good hardware, crappy software. Luckily the software is not required. I recommend to install it once, configure the color of the illumination to your liking, and then uninstall it.","Good hardware, crappy software"
4.0,"I like this shifter, but it does have some room for improvement.  It is leaps better than the Logitechs.  I would have liked some rumble more realistic, more resistance although this has the best I have used, soft gate option more like most normal cars (non exotics), and different gear gates (4, 5, 6 speeds) as with cars that don't have 8 gears it is easy to shift to the wrong position.",Best Shifter I have used
5.0,"The xbox console and controllers are looking great! Cool coloring and graphics just as the pictures show.
I have played the gears of war trilogy and 3 is a great conclusion to the franchise. However the same issues I have with the previous installments still exists in the third. I felt the ending was somewhat rushed and Epic could have given a stronger closing act to the series but that's a small complaint.

The gameplay is as sharp and executions are as bloody fun as ever. Lancer Chainsaw anyone?",A worthy purchase and a great close to a trilogy
5.0,"My brother only gets games that he really likes in the first place. So either he already knew he liked this, it was made by Atlas, or it was new (and he loves RPGs).",Bought for my brother.
5.0,"This is a great game.  I actually bought it after playing Uncharted 2 before this game (odd I know).  I was not disappointed despite the game being 2-3 years older then part two.  Great game with great play mechanics.  I wished that I purchased this when it came out, then my life would have been that much better these last couple of years!",And now you must buy Uncharted 2
5.0,Got this on time and arkham knight is an amazing game. A must buy if you can afford it,Five Stars
5.0,Great games lots of side missions.,Five Stars
5.0,Great addition to the collection!,Five Stars
5.0,So far so good. The story is accurate to the anime and manga main story line unlike the previous entry.,So far so good. The story is accurate to the anime and ...
3.0,"Was alright for a few games, but then no longer use it as not many games really need this to play, it's just window dressing.","Meh, used it once..."
5.0,"This game is awsome, the map is huge and the fun is endless. If you love open world games you will love this one plus the graphics are amazing!",Very Fun
5.0,"I enjoyed this game, it was quite challenging. Going backwards and forwards in time was cool.",Five Stars
5.0,"I've put about 25hrs into this game so far, that's how much fun it is.  And for twenty bucks you can't beat it!

The game itself takes the age old card game mantra that made games like magic the gathering and pokemon popular and puts a new twist on it.

YOu get 4 ""skills"" to use at a time that randomly appear out of an arsenal of 30 that you preset to use.  THis means the game involves a lot of strategy as you only get new skills when you've binded the ones that pop up to either the a,b,x, or Y button, but once the new skills pop up you may have to get rid of one you have already to use it.  Trust me this game is excellent and a lot of fun, and for twenty bucks you can't beat it.  Worth the purchase by far.!!!! Excellent game.  Also it's sooo much fun on xbox live and the team behind the game is constantly updating the online game to add new skills and new game modes!",An addicting game and an even better price.
5.0,"Used this for a PS3 Project Diva Arcade controller. Worked like a charm on the PS4!

Didn't try to use any of the other features of the converter, as I didn't need them.",Did what I wanted it to do
5.0,"This little item has brought my NES controller collection back to life!
The only thing I wish they could do is make a 2-controller adapter, so I can play 2 player games, or hook up both ends of my NES Advantage joystick.  Other than that, this is the perfect way to play your NES games on your computer emulator with original NES controllers.",Want to use your own NES controllers on your computer?  Get this!!
3.0,Too much to do and not enough result. I like some of this program but I got it to loose weight and if you can not keep up you want loose nothing.,Big but not a loser
5.0,Thanks very good product recommended 100%,Five Stars
1.0,"I have no idea where any of these other people are coming from. This game is horrid. The grahpics are awful, it looks like xbox, not 360. The AI is incredibly stupid. The dialogue is cheesy and ininspiring. And, worst of all, the game play is just terrible. Actually running around and shooting is so incredibly boring... I couldn't believe I paid this much for this game. I have tons of games, probably close to thirty. This is the worst. That says a lot, when half of my games are $20 and under.",God awful.
1.0,"Ubisoft is a money grubbing whore, this game was so full of micro transactions it litterally distracts you from the game. The map is littered, and I mean littered with chest you can't open unless you download the companion app, and also sign up for some other pointless service.
The above reasons were enough for me to hate this game, but the actual game play and story itself is just boring. I have bought every AC game made, and was so excited for the first true next gen version. I found myself going weeks between playing sessions, and when I finally did play it, about 15 min in I'd quit because of bordom or mechanics frustration. I will never buy an AC game new again, ubisoft does not deserve my money anymore, I might buy one again someday cause I'm a sucker, but on Amazon or Ebay used.",AC Fan Boy No More
5.0,Great game. It is like a film.,Five Stars
5.0,This rapid Charger lives up to it's name it works fast and like a charm.,... lives up to it's name it works fast and like a charm
3.0,"It's a little hard to control, and it's hard to navigate in the game. It's been making getting past the beginning stages of the game into the first real mission hard, and I am an avid gamer.",It's ok
5.0,Pretty much the coolest ps3 controller ever,Five Stars
5.0,Great game.,Five Stars
1.0,Graphics suck. Can't do story mode it freezes.,:(
5.0,"I loved infamous second son. When they announced the Playstation 4 system at E3 and showed off trailers for this game, I just about rolled over and died. The world is rich as vibrant, the voice acting is superb, and the overall feel is a cannot beat. My only qualms with the game is it was short for me, I beat the whole game in one night. Length aside, this game is easily one to add to your collection, I would wager that it is also a must own. Also, pick up The Order 1886, people will judge games based on length, content, etc,. Despite being a 7 hour game, the order showed of the beauty of the system and the story was well writen in my taste. Don't believe the haters.",This game is the reason!
5.0,"I've played this game for 15 hours and 7 of them were with a closely known friend while the rest was mostly with other people online. This game is one of the cheaper games out there at 15 dollars and i think it should be at least 30. It is a well made game and all of the reviews stating random crashes have never happened to me so i think they fixed it. The community is very nice with almost everybody answering my questions with real legit answers that really help me. The gameplay is smooth even on SPLITSCREEN- on of the only games on PC that I know of that have splitscreen. That is another major selling point that i think many people will enjoy when they have people invited over to their house. It supports headsets so chat away all you want like i do, =). This is a very good value product that will keep you hooked for at least 50 hours which i think is worth it for 15 dollars.",fun game and addicting
5.0,Grandson wouldn't stop playing .He got burnt out on minecraft and this was fun to play with him and online play was awesome. Alsothere is solo play and you go up against ai. Higbly recommend and new dlc coming in September for free.,Awesome.
5.0,"This game is advertised as brutal and IT IS.  However, if you
are into suffering as you play it is still incredibly fun even as
you scream in frustration at your character's 99th death at
the hands of some evil boss.  I would highly recommend this
game if you can tolerate the brutality!",Good But Brutal
5.0,Creepy game . Lol but good product fast shipping,Lol but good product fast shipping
5.0,Good!,Five Stars
4.0,Platinum games and your favorite 80s robots.,The only Transformers game you need to play.
5.0,Awesome!,Five Stars
5.0,it is worth,Five Stars
5.0,The game that I most love on PS4!!,Five Stars
5.0,Love it.,Five Stars
5.0,PLAYS GREAT NO ISSUES,GOOD QUALITY GAME
4.0,"great price, works great.",Four Stars
4.0,so much fun,Four Stars
5.0,Brand New from Sony. What more can I say,OEM Sony brand new
5.0,great gift,Five Stars
4.0,"The only thing to make this game better, is to add a manual transmission change function.

Cool parts are that you can view, open doors, windows, and sit inside of each of the cars you are looking at.  You can even test drive cars, which are out of your budget, prior to getting to purchase them later.  The only thing I noticed is that all cars have manual transmissions installed in them, however your computer driver gets all the fun of shifting gears.  In the real world, none of these cars is remotely fun to operate unless equipped with a manual transmission.

The Island, which is suppose to resemble Hawaii, is almost endless taking about a few hours to completely round out and even after play the game for a few months crossing over the same area almost feels new again.

Overall the game play is awesome and you can drive anywhere your vehicle will allow you to travel without sliding back down or over or into the water where you will be reset.","Test Drive Unlimited, almost completely unlimited"
5.0,It is a good game and would recommend it to any one who likes this type of game,fun playing
3.0,"Out of this entire series, the only one I could get myself completely through was the very first one. The second and of course this one just seem to repeat themselves over and over again.",Just not sold on it.
5.0,"I'm a female gamer with tiny t-rex hands & it fits perfectly with my claw/fingertip grip. It's very precise & fast at 1800dpi. I'm starting to tell a difference in my Starcraft 2 play. I also got the Razer Golithus speed pad to go with it, so that makes it even smoother to move around. I like the feel of the mat finish on the top. Now I don't worry about flinging my mouse when I'm playing. :)

It's also super light weight. Like crazy light. I was amazed how much lighter is is even compared to a stock Dell mouse.

If you can't decide on which Razer mouse to get, go to their website & click on the ergonomic guide. They'll show you what types of grips people use & which mouse is suited best for each one. They'll also recommend what type of pad to get for the different mice too.",Very nice
5.0,Fun classic!,Five Stars
5.0,I would highly recommend this game to anyone who owned a 3DS and would obviously recommend to any Pokemon fan! Awesome game indeed!,Awesome game!
5.0,"I know it's probably too early in the year to be calling something ""best of 2017"", but I doubt any other game will trump this one, especially in this particular game genre. Easily the best JRPG of 2017, or even in the past few years! 10/10",Best JRPG of 2017!
5.0,Excellent game and looks great replay value. The diva are hotter looking than in 2010. Also the created diva are yummy.,Excellent game and looks great replay value
5.0,Worked like a champ.,Five Stars
5.0,amazing old school game love it!!,Five Stars
5.0,The Wiimote works just fine on my Wii U and looks good since it matches the color.,Five Stars
5.0,"This one works like a charm! Our kinect is now secure at the top of our TV.

I will recommend this product to everyone who need it.",Nice choice!
3.0,"This game's controls are awkward at best. That's not really the designer's fault though, it just hard to make a good game with the Wii's UI. The controls often don't work on time, since it seems to take a second to register that you flicked the controller up for example (that's how you ollie in this game). Skating games like this only work if the controls are very responsive, and these just aren't.

I was a bit disappointed (mostly in the Wii as a console that doesn't work for anything else but Wii Sports and Mario Party), but I think that the game designers did the best they could.",Unresponsive UI Makes for a Frustrating Experience
5.0,Great,Five Stars
5.0,"Not sure bout rumble pack as i didn't get the option in my game, but this is one of the best games made. Its flight sim, tank sim, and sub sim. Multiple stories that shape difficulty, multiple game play and multiplayer, with secret third person shooter. Tons of stuff to do with awesome levels such as ID4 alike, or train saving, so many bosses and secrets. Tons of story, not bad grphx and training for controls. All in all, the most you can get out of it for the money. Definitely buy this game, oh, and lots of replay.","this game almost has it all, till you get all secrets, then it does"
5.0,"Sure, the game is mainly simply left turns all the time, but the many power ups to make your enemies slow down, or give you advantage, as well as different scenaries in each map (and shortcuts) really makes this game interesting and really challenging when trying to be in first place. Many secrets to find (hidden cars) and many enjoyable tracks. This is defenetly one of my favorite racing games for the PCone.",NASCAR without left turns
5.0,Real deal!,Five Stars
3.0,"I always buyed this mark for my portable consoles, but this time you disapoint me; Quality are good ( as usual)  but some details are the problem, for example; the edges are poorly cut, doesn't have ""security flaps"" like the 3ds version, so easily removes it all the time... and the package came half open.",Quality are good ( as usual) but some details are the problem
5.0,"The game is a direct sequel of telltale twd season 1. Twd season 2 is a terrific sequel that both plays with you're feelings and is very intense. I will not spoil anything so I just keep this short, the game is a must play! But if you never played season 1 play that first.",A amazing sequel that only plays you
5.0,"I fell in love with this game during OB, and have been playing ever since, the game has its issues, and it has a very small dev team but, just play it to like R20 and you will be hooked. Be careful this game is very punishing to new players, you get opp'd against people of all threat levels (Trainee, green, bronze, silver, and gold) The devs have stated in the past they do this to determine how good a player you are.

The tutorial Introducing you too this game is nearly non-existant and near worthless, alot of people think this game is FILLED with hackers, being as that is what helped nail the coffin shut for RTW, and they do exist in the game but being outplayed is more common than hackers are, and being outplayed leads to ""hackusations"" by alot of the playerbase. In my 600+hrs of gameplay i have seen a total of 5 hackers, and they were so obvious that shortly after i opp'd them they dissappeared from the server never to return lol.

Please give the game a fair shake before runnin away in rage, this is not your average TPS, elite call of duty players walk into APB ready to destroy, and get spanked like a noob, don't expect to come here and pwn everyone, come in and expect to have fun and you will, don't have a win all mindset and you will have alot of fun.

The ability to make your player unique is what makes this game alot of fun too, you aren't some player standing next to 3 other mirrors of you, like other games. The range of distinction is awesome, and some stay around just for that and making tons of APB$ selling there awesome outfits.

Dont let others tell you that Pay2win exists in this game because it doesnt, the stock star 556 you get when you start, is used by a ton of the top players still, the star and great tactics, can own any other gun paid or not in the game.

In short just remember this game will punish you for being new unlike any other game, but the game is constantly evolving and getting better with every new content release. (currently on build 1.9 new breed part 2 as of 9/7/12)",Addicted!
4.0,"wish the cable on the tv was a tad smaller, but it's not obstructing at all. the dot itself could've been smaller as well. not something i would recommend for small tvs, or any monitor user. (like me) i bought this for my brother, its currently on my old Samsung led 40"" tv. the dot is just ever so slightly bigger than red dot attachment on bo3. perfect for just using the iron sights though. now in terms of how red it is, THIS THING IS BRIGHT RED. it will definitely focus you to the center of the screen. For me personally I'm not really a fan after using it for multiple hours of gameplay, because i don't need it. strong players won't need this, for anyone trying to be more accurate in terms of knowing where your sight will be at all times (like snipers) it is nice. my brother likes it pretty well for fps games. 4 stars only because i have to unplug it well i shut off my xbox one.",not something i would recommend for small tvs
2.0,"After the fiasco of heroes 5, I had almost lost all hope for the series, but this newest addition is the savior I needed.
Improved realistic art
Better animation
Lost the blocky feeling you got playing heroes 5

However, the only really big issue I've encountered so far is the conflux.
Playing offline is impossible unless you set up an edited shortcut.
By setting up a short cut and then:
1-go to properties of the short cut
2-go to target
3-type in (including a space) /offline
In the end, the inputted target should look like this:
""C:\Program Files (x86)\Ubisoft\Might & Magic Heroes VI\Might & Magic Heroes VI.exe"" /offline
Include the quotation marks and you're set.
*EDITED 6 MONTHS LATER*
IF you don't attach it to an account that you use on a daily basis (Uplay) then you can't play it again without going through tons of motions with security.","Ah, so much better. If only it was all good."
4.0,"Item packaging arrived a little rough, but the mounting clip works pretty well.  There is a rubber bumper on the piece that touches the rear of the TV, which had fallen off during shipping - I'm assuming due to the frigid weather.  I put that back on, as it was still sticky, and it seems to be working fine.  I have a 42"" LG LCD TV, and though this does go over top of the TV and stays there, it doesn't really adjust to grip the TV that well.  I don't expect to need my Kinect to be that solidly attached to my TV, but it does seem a little cheap this way.  The clip joint ratchets and pops into fixed positions, so you may need to adjust your Kinect to get it pointed properly, since the mounting clip adjusts to certain set angles.
All-in-all I'd say it's definitely worth the small price that I paid for it.  After buying a different one on another website that was supposed to come with arms that attach to the VESA mount, but didn't, then only being able to get a refund on that and ending up with a wall mount that I'll never use, I'm happy to see that this one worked out.",Works fairly well
5.0,"My Grandson loves playing these games!!!!!!! Great product, fast shipping and would buy from this seller again!!!!!!","Great product, fast shipping and would buy from this ..."
5.0,A group of Disney's favorite female animation princesses. The game was fun and is well presented as a game to play.,princess
5.0,El articulo perfecto. Me gusto bastante. Lo recomiendo 100%. Es de buena calidad. Si volvera a comprarle a este vendedor.,El articulo perfecto
5.0,sons love it,Five Stars
5.0,Good,Good
5.0,Love the game,Five Stars
5.0,"This is a good game that has a lot of sports game in one disc. I love all the games in it.
My kids like the water gae",Nice wii sports game
5.0,it works easy to install and love this epic game hope they make a third one,Five Stars
3.0,"Very glitchy, the game is fun but most of the time I'm falling through that map, freezing or the game just won't read the buttons I'm pushing at all.",Tons of glitches
5.0,"For those people that grew up watching dragon ball and can't seem to get tired of the story, even when being repeated over and over in video games, this game is for you. It is a good title with good 3DS graphics. Gameplay is good as well. There doesn't appear to be much to complain about with this title. So I'll leave it at that. Is it a must buy? No. But if you have a few bucks lying around, why not... it's dragon ball. Can't go wrong with a very well liked title.",Dragon Ball
4.0,"There are 30 games here, all made by the company Rare.  Most of them are pretty good, but some of the earlier ones are fun for a minute or two and then you move on.  All things considered, this is a pretty decent purchase for the price ($20).  My kids and I have been playing on it for a month or so and we've had some good times. Some notable titles:  RC ProAm, Cobra Triangle, Battle Toads, Perfect Dark, Viva Pinata, and Killer Instinct.  Those games alone are worth the price, in my opinion.",30 for $20 is a good deal
4.0,I wanted to relive the old fun of Twisted Metal 2 and picked this up.  It's alright.  Driving in reverse seems like the controls are not done correctly.,Ok
5.0,"This case is very high quality, sturdy, high quality zipper, & plenty of room for the PSP + a slim charger & cable, and up to 4 UMD disks. I'm very happy with this purchase.",A really great PSP accessory at a great price.
4.0,"If you love hidden object games this one's for you! At first I didn't understand what exactly the ""bilingual"" meant by Amazon's title. When you begin the game there is a flag in the center of the page. You can choose between 3 different flags (English, Spanish and I think French). Whichever language you choose, the list of ""hints"" will be in that language. This game is more old school hidden object in that there are plenty of hidden object games and even though there is a ""story"" you can pretty much ignore it if you want to. There are a couple of items on the list that you might have trouble finding. That is because sometimes in other English speaking countries things are not always called the same thing as we call them. Examples I found in the first few puzzles are, a soccer ball is called a ""football"" and a flashlight is called a ""torch."" The game has a few mini games but they are not so impossible that you cannot get through them to finish the game. To get more hints you should find a ""sun"" on the hidden object page and sometimes to add more time to the games you have to find a ""sand timer.""

The only reason that I didn't give this game 5 stars is because there must be a ""bug"" in the game where sometimes you locate the correct item and no matter how many times you click on it, it doesn't respond. It seemed that when I used ""hint"" button the answer was the exact item that I had already tried. I thought it was just my game, but another reviewer had the exact same problem. It is not so major that it affects the game play.

I recommend this game wholeheartedly!",For Everyone Who Loves Hidden Object Games.
4.0,Great game.,Four Stars
5.0,"Took a little time in the shipping, that could be better. They are beautiful, easy to put on and grip is Nice. Bought for my sons; each one in a different color, they love them and say that the covers provide no slipping as they are playing for hours. This was a Great purchase and will purchase again when they want a color change. Great Price. Enjoy.",Good Look Great Deal...
5.0,Good,Five Stars
5.0,Works great and no problems.,Ps2
5.0,Awesome detail on this controller shell I would totally but this if you don't have it already it's made out of plastic if you did not know.,Good
4.0,"I am not too picky on the best versions for these 2 titles. Purists alike will say to avoid this one but I did not mind. There are, however, some precautions regarding these games. 1.) translation, 2.) loading times, 3.) bugs.",Ignore the purists and have fun!
4.0,"Great story line, Good controls. Lots of action.
I love it. Keeps me busy for hours. Being disabled this helps.",Great on all counts.
5.0,One of our favorites,Five Stars
5.0,Great game.,Five Stars
5.0,I was wanting the Wii Balance Board and came across Wii Fit AND the balance board for $15! I couldn't resist. The game is okay but the balance board lets me play so many different games! Definitely worth the money.,Such a deal
1.0,"I actually bought this game even though it will be the last Infinity Ward game I support by purchasing. I've been a huge fan of said developer since Call of Duty 1, a PC exclusive, since day one. I've purchased every single Call of  Duty game developed by Infinity Ward over the years (including the expansion for CoD1 which wasn't developed by them). I never had a problem purchasing their products. Until now. This is the first time I've ever felt like a total tool and a moron for purchasing their ""PC game"".

The game IS phenomenal. The graphics are noticeably improved over Modern Warfare 1, despite using the same graphics engine.  The overhaul is there, but a lot of current gen games have better visuals.  Sound design is great as always. There's a lot of recycled sounds and some new ones. Multiplayer is more of the same which isn't a bad thing, and the new co-op mode, from what I've played so far, seems fun. That's where my positive review ends. So basically you get more of the same, with slightly upgraded graphics.

Here's where things turn bad.  For starters, Activision is charging $60 for this game, a move that completely goes against the grain of PC game pricing trends. Why? Because they can.  It's a business move, yes, but it's completely immoral and greedy. Corporate greed rears its ugly head.  Activision are the new EA.  You would think for $10 you would get, oh I don't know, a longer than average single player campaign right?  Well you don't.  If you thought Modern Warfare's campaign was short prepare to get slapped in the face with a campaign that can easily be completed in one session.  Bigger price, smaller experience.

But most people are probably buying it for multiplayer anyway, so let's discuss that. Basically it's all been said before. This is a console port, right down to being limited to 9v9.  Want to get your clan together for some 32 vs. 32?  Nope.  16 vs 16?  Nope.  Oh come on then....at least give me some 12 v 12.  Sorry Charlie.  You get 9v9, just like the console. And just like the console you can't sort servers and pick where you want to play, you can't tweak game parameters via a developer console (another PC industry standard that Infinity Ward think's it's too good to implement), and, OH, no dedicated server support.

Frankly, I'm surprised the PC port even allowed me to play with a mouse and keyboard....

It's painfully obvious that Infinity Ward prefer console development at this point (particularly the 360, which gets exclusive content before anybody else for the second game in row now), and it's even clearer that Activsion are greedy jerks.

It was a good run, Infinity Ward, but just like real life I won't associate with conceited, big-headed people. You won't get any more of my money.  MW2 gets one star for actually being a fun game, but insulting PC gamers by lying about features that never made it to the game (dedicated servers, more people per server than the console versions, etc), and the fact that your publisher is price gouging, keeps it from scoring higher.

** APPENDED MULTIPLAYER INFO **

Okay so I've put in a few hours of multiplayer over the last few days and my worst fears were confirmed consistently.  Horrible latency just ruins the experience.  The game measures latency by a 4 bar system, similar to a mobile phone's signal strength.  So rather than seeing what your latency is as measured by miliseconds, you will see 1-4 bars.  Usually 3. Very rarely in my time playing MP did I ever have 4 bars, unless I was hosting the game.  I kept a close eye on other player's latencys(using the TAB button) and probably 70% of the players had 3 bars as well, with usually just 1 or 2 people having 4 bars - one of which was the player hosting the game - and a couple unfortunate fools who were somehow getting by with 2 bars or less. The person who hosts a game enjoys a SIGNIFICANT advantage over even those with 3 bars. The killcam proves it. Time after time after time I would get killed and, through the eyes of my opponent thanks to killcam, notice that there was about a half second difference between what I saw and what actually happened. Then I'd hit the TAB button and sure enough, that guy has 4 bars and I only have 3. Ridiculous. I have a fast enough internet connection (2 MB up), and don't notice these latency disadvantages with other shooters, so I have to put the blame solely on IWNET.

It's really unfortunate and it's just the way it is which is sad as the multiplayer seems really fun and the levels are well thought out. The reality is if you want to play Multiplayer you're going to have to put up with a LOT of frustrating deaths, even if you get the drop on somebody, because he is enjoying a significant latency advantage.

The matchmaking is also broken.  It's supposed to match you based on latency (therefore location) and skill, so why was I constantly in matches with people with 1-2 bars of latency, versus lieutenants and generals when I was only a lowly specialist?

Bottom line is if you have either console and a PC, just get the console version because that's all you're getting on the PC. The PC version has no right disgracing the other games on your hard drive by pretending to be a PC game itself.  This game fails utterly. I would rate it half a star if I could.","Fun game, but shame on Activision and Infinity Ward"
5.0,thank you very much!!!!!!,Five Stars
1.0,"I have been curious about this game since I read about it in PC Gamer Magazine years ago. But over time much more interesting games came out and I had forgotten about it. Well I came acrossed it today while shopping and I though WOW! Only 5.69 and I can download it straight to my PC and finally get to play it. DING!!!!! Bad Idea. I made the foolish mistake of doing this, I downloaded the files from the Amazon Games and Software Downloader, I attempt to install the game and to my suprise the files that were downloaded were all currupted (I am smacking myself at this point for even going on the foolish adventure)so I run my compatability program and since I am running Windows 7 Ultimate 64bit and once again...the files are still currupted (Now I am starting to smoke). So I do what every Teir 1, 2, and 3 technical support person would tell you since I have a degree in both software development, and computer networking, and as I suspected my PC has all the current drivers for all its hardware, and software, even ran some checks in Command Prompt, and went into msconfig and hid all Microsoft services. Tried to install it again...still corrupted (Now I am chain smoking and smacking myself for purchacing the download version of this game). Needless to say the game..I couldn't tell you if it was good or bad, never got that far, however I do feel like I was assassinated out of $5.69 bucks that I could have used on smokes. My advice, purchace a hard copy of the game, and if your gonna download a PC game use Steam or EA Download Manager. Because 1: Even at such a low cost I doubt Amazon would remburse me for it, and 2: They will most likely find some way of making it my fault that the files I downloaded from their site where currupted.",Worst Purchace Ever Made!!!
5.0,This product is good for when you are interested in keeping your ps2 controller in use to upgrade to a ps3.,adaptation
5.0,I loved it,Five Stars
4.0,"If you like Pride FC you might also enjoy this game. The good news is that the button scheme is basically the same in both games. The controls are a bit slower and less responsive then Pride, but they are certainly playable.

The facial damage feature is a great addition, but the damage sometimes looks like clay figure wounds (not real wounds).

There is alot of fighters, but alot of them are fighters that most people don't care about. Pride FC had a fantastic fighter line up. This one is larger, but less charasmatic.

The game modes add more replayability then pride. You need to win a very difficult championship mode to unlock hidden fighters and there is also a create your own fighter mode. The create a fighter system is pretty crappy.

if you like MMA, give this a try.",compared to Pride FC
4.0,"Great game, one of my faorites, I used to payl this game in south Dakota on holoday
 great great great game... not mutch else to aay",The game wus nort verr guud
5.0,Probably the best TMNT portable game ever made. I sold this game when I was a kid and regretted it later on.,Probably the best TMNT portable game ever made.
5.0,"Bought for a Christmas gift for my mother, and she tends to play this more then LBP3.",Five Stars
5.0,"Great service, arrived sooner then excepted. A++",Five Stars
5.0,"Hard to go wrong with this one.  Comes fully assembled, just pull the bottom ""leg"" to the angle that fits your TV, then screw the Kinect to it (attached screw like a camera tripod mount), put it on top of the TV and you're done.  You can angle it however you like and the slide on/off camera cover is great to make feel better about privacy and disable movement controls on a game you don't like them for without having to going into the settings.",Works great!
4.0,"The recent AC movie trailer didn't get me all that excited about the movie itself, but apparently it did put me the mood to play AC, which is kind of surprising because it was only about six months ago that the incredibly rad AC Syndicate came out. I really gorged myself on that game, played through every single tidbit of content it had... and then I went back and replayed the criminally underrated AC Unity. Knowing my own gaming habits it should have been more like a year before I felt like going back to AC again. But I absolutely @#$%ing HAD to keep playing AC, and my selection was limited. Obviously I wasn't going to replay Syndicate or Unity again so soon. I've already replayed AC1, 2, Brotherhood and Revelations to death and don't know when I'll be ready to play them again. I think it's been less than a year since I last replayed AC3 (looking at my trophies, actually it was fall 2014, right before Unity... makes sense,) which I regard as one of the weakest games in the series. So I decided to replay the only AC that I'd only played once- AC4 Black Flag, which is hands down my least favorite of the main series. I haven't played it since it came out, while on the other hand I had probably played through AC2 at least three times within its first year of release, and did the same with Brotherhood and Revelations. Anyway, I replayed AC4 and I enjoyed it much more the second time around. I still wanted even more AC, so I decided to play Liberation for the first time; I ignored it completely as a handheld game, and didn't bother with the HD version because I'd heard bad things. I was pleasantly surprised at how good it was, the upside of low expectations. But I finished it over a single weekend, and guess what... I still had to have more. That was when I considered playing AC Rogue for the first time.

I had absolutely zero interest in Rogue. A: One of its major selling points was that it was essentially AC4.5, so not being a fan of AC4 meant that was a minus in my book, not a plus. I wasn't happy with swapping out iconic explorable cities in favor of focusing on sailing the open seas. I also didn't appreciate that Edward Kenway isn't a member of the Assassins for most of his story, and Rogue's main character betraying the brotherhood and becoming a full fledged Templar sounded forced and wasn't enticing to me. And then B: I swore that if I ever did play Rogue, it would only be if Ubisoft did the right thing and released an upgraded PS4 version, as they did with AC4. Well, I gave up on that ever happening some time ago. I checked on the price of AC Rogue, and decided it was finally time. I'm glad I did.

AC Rogue truly is a diametric reflection of AC4. AC4 is all tropical island sunshine and warm emerald waters, while Rogue is all about bitter cold north winds and weaving your way between icebergs (or blasting the smaller ones apart with your cannons to hopefully harvest some frozen cargo.) In AC4, the further south you go the more difficult things become. In Rogue, things ramp up as you travel north. AC4's biggest ""city"" was Havana. Rogue's is New York, but I'm not sure it's the same version of NY from AC3. Rather than sailing to and fro between tiny tropical islands, you make your way to various North American settlements, explore caves, etc. In some ways it does seem to be a re-skin of AC4, but on the other hand it feels like it has more content. The only thing missing from AC4 is the diving bell missions... good riddance. It has a few different weapons than what was in AC4, but usually with similar functionality. e.g. AC4's blow gun is replaced by an air rifle, and later you get a grenade launcher attachment that feels like a call back to Revelations' bombs. Instead of chain shot to slow down enemy ships you have explosive shot. The story and characters are better than I expected, and was particularly surprised by the very direct connection to AC Unity at the finale. In fact it was actually a bit shocking and made me appreciate the whole thing even more. It's a big game that took me a full week to finish, and that didn't include finding every last collectible. I don't think I completed any of the several collection quests before I tackled the final mission. It was a good story very befitting of the series, and Shay Cormac was a great lead character. His betrayal of the brotherhood wasn't as clich as I assumed it would be, it was well-intentioned and made sense.

Because of sales data I know that most of the AC fanbase has avoided Rogue, like I did. I urge them all to play it now! I still think Ubisoft made a mistake in not releasing a PS4/XBone version, though. Damn shame.",Better late than never
5.0,"I got the game for my son, he had just gotten a WII. I could not beat the price and I thought it would be cute. My son complained at first asking me why I got the game. He thought it might be silly or cheesy, but after getting it and playing it he liked it quite a bit.",Nice little game
5.0,"It's STALKER so already I find it a great game. The new game play (user interface mostly) they incorporated is 50-50. Sometimes it's a great improvement and sometimes I want to pull my hair out in frustration. The value is great. The replay value is only so-so because overall (without spoiling anything) it only has one ending. It mixes well with shadow of chernobyl and adds new maps

Great game, better series",I love it a lot
3.0,"Its decent. Map is pretty big and gameplay wise it is similar to previous Farcry games. Only thing I notice different is that this game compare to previous Farcry is that its sort of harder. Gun's accuracy and damage seems to be much lower. Driving a car is harder too or that just might be me. Compare with GTA and Saint row, driving seems to be way more buggy and hard to steer.",Map is pretty big and gameplay wise it is similar to previous ...
4.0,COULD HAVE SEEEN TWO GAMES BUNDLED TOGETHER RATHER THEN JUST ONE BUT OTHER THAN THAT IT IS GREAT TO USE LOVE THE GAMES,... THEN JUST ONE BUT OTHER THAN THAT IT IS GREAT TO USE LOVE THE GAMES
3.0,"I purchased the PSP because I was a faithful Sony follower.  Unfortunately that isn't enough.  It's a decent system, but Nintendo makes better handheld systems by far.

The PSP is out of style now, but if someone wants to pick it up, I suggest you do so cheaply.",PSP - Not a Nintendo System
2.0,"PROS-

Lots of bells and whistles!

Theoretically, you can customize via interface...

Bluetooth worked great!  I was able to listen to music from iPhone while playing games.  In addition, I was able to receive a call, and talk to person without taking off headset - which is very cool!

CONS-

Default presets worked OK, but not great.  I really needed to use the downloaded interface to customize...however, the interface does not work using Mac OSX!  Yes, Windows only...

These headphones didn't fit very well...  I had them as 'small' as they would go, and they were loose fitting.

Using standard presets, other players couldn't hear me very well, on any preset.

SUMMARY-

These headphones have lots of bells and whistles.  However, with the quality and fit, I can't recommend these headphones - especially for the $$$$.  The quality and interface needs to be more.  I replaced with Sennheiser PC360, and Astro Gaming Mix Amp 5.8 - both available on Amazon.",Bells and Whistles and not much else...
5.0,"Great, great great.  My oldest loves the franchise, so this was a must have for the Wii U.  Played and played off and on all day on Christmas.  If you ever even remotely liked any of these games, you must do this one.  Graphics are super clean, game play is even more original...... a winner",The best DK so far!
5.0,kids love it.,Five Stars
5.0,great game,Five Stars
5.0,Great game !,Great Game
5.0,I bought this for the statue i had bought the game and beat it separately but not a bad deal if your into collectibles.,Nice statue
5.0,"Great System, awesome space and speed. If you have a 4k TV its a no brainer.",Awesome System / Apps and Games
5.0,"Awesome, great, love it","Awesome, great, love it"
4.0,"Won't improve your game or anything like that, but it will replace your worn down thumb pads. Pretty good. My finger hasn't slipped off at all. Good replacements.",Not a game changer
5.0,"excellent merchant, would do business again A+A+A+A+A+.",love it!
5.0,Awesome,Five Stars
5.0,"I can't say enough about this game. This IS the best game on the Xbox one that I have purchased, and that is saying a lot. I thought that Far Cry 3 was the best game that I ever played.....Until I played Far Cry 4.",This IS the best game on the Xbox one that I have purchased
2.0,I got this game and it wasn't an original case it was just in a plastic clear CD case I was hoping to get and it's regional case and booklet but I didn't so I'm not really happy but the main thing is the game place but I'm going to try to buy it again from someone else who has the book in the case.,Not happy with it
3.0,oh no one more another one i have no idea what the heck this is and i can't write what i,who
5.0,"I must be another person who got a lucky gamepad, because I haven't had any problems with it at all, and I've used it quite intensively.  I was hunting for reasons to give this less than five stars, but considering the price and the fact that it does exactly what it's supposed to do, I have nothing to complain about.  Maybe the other reviewers just got defective gamepads.",I must be lucky
5.0,10/10,Five Stars
5.0,One of the best special edition pokemon games of all time.,Five Stars
5.0,Game looked like it was brand new.  Son loves this game he has beat it several times but loves to replay it.,Game looked like it was brand new
3.0,Hidden object game with a few basic mini games.  Not very challenging.  Had many levels but all were alike.  Good game if you enjoy hidden object. Storyline rather auxiliary to gameplay.,Not too amazing
5.0,"October 2016 and the servers are lit as usual.
Expansions are cheap and the all expansion map servers are the busiest.",Buy it
5.0,good,Five Stars
5.0,"Pure excellence in every aspect, that is only how you can describe this game. Every part of the 17 seasons of south park was worked in and nothing was missed at all. This game could have been its owm season or even a whole movie, its that good. The only other games I have felt that are on the same level are goldeneye for n64 and the metal gear solid series. Thanks Trey and Matt, this was worth the wait",The best damn game in a long time
5.0,How to waste lots of time every year. Purchased randomly cause of ODB but very happy with minor modifications made for 2016.,How to waste lots of time every year
5.0,Great game,Great game
5.0,Mu grandkids love it....such great screen presence....the graffics are amazing..hours of fun...,Kids...and some big kids too...LOVE IT!!!
5.0,"i have cod black ops 2 and my hand use to slip off L2 R2 button when i shoot because they're small so i put this on right away you can feel the difference. before the triggers i use to get like 20-30 kills now i can get 50-80 because they fill good. get this and the thumb grips and if ur good at cod i promise you you will get your ps3. i recommend this to people who fingers slip. the controller trigger are just like the 360 triggers with the dual triggers, if u order them i hope you have a great time review 10/10*
i go beast mode on black ops 2. thanks... if you say this review helped you i would really appreciate it thanks and bye",great grip easy installation just click snap and pop
5.0,grandson loved it,Five Stars
5.0,works only on screens that can output 1080p. i can connect it to my elgato which allows me to stream which is great,works as intended
5.0,you know it,prepare for downgrades from the lastest tech (the eyes)
5.0,I got this item in very good shape and had lots of fun playing it.,Good game.
5.0,This is a great Game.  A classic to be enjoyed by all.  I hope it always works.  Yoshi is fun.,Game
1.0,enemys cheat and never reload wepon  and the  game is unfair whenver you its 5 against on  every time you fight 1 bad guy the others hit you in the back thats chicken s*** unfairness,unfair piece of crap
4.0,Even if you're not into Bioshock series this is a really cool game for a collector. The DLC's aren't that much of a big deal; mostly Time Trials and a museum of unused characters and concept artwork.,A most have for every gamer out there.
5.0,excellent product,Five Stars
5.0,Nice thank you,Five Stars
4.0,"It's really hard to describe the game because of its unique style but the closest that I can compare it to (as a big, longtime console strategy fan) is the PS2's 'Ring of Red', another critically acclaimed -yet obscure- title. The story in Valkyria is average and a bit surreal. The personalities of the characters is a bit cheesy and inadequate when you consider their ""happy go lucky"" attitude in the middle of a war. This however, is not uncommon on Japanese Strategy and RPG games, so it's very easy to look past that.

The beauty of the game is in the refreshing style of the battles, easy to learn leveling system (you level a class, not a particular character- making it easy to swap units in and out), beautiful graphic style (especially on the cut scenes) and generally solid voice over dialog.

The game goes at a decent pace to show you the basics of the combat system. In Valkyria, you plan your strategy from an overhead map view of the battle, but when you are ready to act on your plan, you control each individual unit from a third person perspective. It could be a bit daunting at times on the large scale battles as every turn you won't have enough ""turn points"" to act with every single unit but the game does a great job of educating the user before you get to that point in the game.

If there is one thing I would change, it would be to add one or two more classes to the unit types for the sake of variety, more vehicles and change the tone of the characters behavior on the storyline a little. Those minor details aside, if you like console strategy games, this is as close to great as it gets.",Awesome strategy game!
5.0,"Better than what people whine about. The patches fix all the bugs, almost. There are a few glitches, but not as many as Mass",Better than what people whine about
4.0,"for all teen anime feens this one is for you ! my teen loves this so much she cant stop playing it., its that addictive !",ps2 inuyasha combat
4.0,I wish there were more games but this device is cool i hope they keep making this form factor.,... wish there were more games but this device is cool i hope they keep making this form factor
5.0,"I love this game but I can't get it to run on my computer, it is giving me a 'no cd in the drive' error.  I am running 32 bit Vista.  I would like to update this, I was angry that I couldn't get it to work, but it is a great game.",Doesn't run on vista
5.0,"One of the the best fallout titles to date, I haven't tried any of the building features. lol I am too busy exploring this is a must have game!",4.5 out of 5.0 for bugging and glitches
4.0,"This is the kind of game that you play if games like the original Starfox for the SNES appeal to you.  Don't expect incredible depth, but rather, gaze at the awesome graphics and music while blasting a bunch of ammo at waves and waves of oncoming enemies.  I love it.  The only drawback is that the game is waay too short for the money- I would say a good three hours is enough to beat this game from the moment you pick it up if you are a seasoned gamer.  With that said, I can never get sick of replaying this game because the graphics and superficial flashiness are kind of addictive to me.  If you are expecting a hardcore shoot-em-up on the level of Ikaruga, you will definitely be disappointed.",a quick adrenaline rush!
5.0,game arrived in excellent condition. Works great.,Five Stars
5.0,Great keyboard without breaking the bank.,Five Stars
5.0,"Great and fun racing game, you can customize your vehicles, upgrade them, buy and sell them, and the funnest part...drive it like you stole it! Its fast fun, gets your adrenaline flowing (or your controller flying across the room because of anger losing a lot). Very great and fun game, I'd recommend getting it.",Amazing Racing Game.
5.0,this game is awsome.,Five Stars
5.0,Awesome,Five Stars
4.0,Having trouble learning this game. I think it will be a lot of fun when I figure it out.,I think it will be a lot of fun when I figure it out
5.0,"good game. But make sure you have friends to play with, because this game does get repetitive.",Five Stars
5.0,"Works great, but thought is was not working. MAKE SURE YOU CHANGE PS2 TO( Y Cb/Pb Cr/Pr) OUT Instead OF RGB",Works great...
5.0,best mouse ive had. had a steel series with 2 buttons on the side and a razor death adder but the buttons on the side weren't in a comfortable position for me. this mouse feels better in the hand and has more features including controlling the weight and the precision button on the side for slowing sensitivity when u need it,best mouse ive had
4.0,But it's worth it.,Pricey :(
4.0,"good idea to put a lots of games in one thing, good deal!",like! lots of short but sweet games-from days when creative simple games ruled
3.0,"The sound quality is superb but I cannot help but feel the device is overpriced. The capabilities the mixamp provides are incredibly unique, allowing me to receive audio from multiple devices at the same time in addition to broadcasting XBL party chat on my stream. Build quality is great, especially on the main dials which feel smooth and offer a nice resistance. My one big complaint is that when using party chat through the Xbox app for Windows my voice does echo at times which is frustrating. Despite all that the Mixamp Pro can do I believe the device is overpriced for what you get, especially since Astro once sold their current gen mixamps for $80 several years back, a price they now only offer for their older models.","Build quality is great, especially on the main dials which feel smooth ..."
4.0,"gift will lobe it
thanks",thanks
4.0,The wii motion plus sensor works very well but it's kind of difficult to get into the silicone sleeve. Regardless it does what it's supposed to and helped me upgrade my controller so I didn't have to get another one for the wii u.,awesome sauce!
5.0,"Pros:
Actually does upscale. Seems to be quite similar to MLAA, for you enthusiasts out there.
Colors are more vibrant.
Audio isn't as loud as component, and sounds a bit better.
720P and 1080P button-switch does make a difference!

Cons:
Image was a bit darker than component, however, adjusting TV settings made it perfect.
Running on a modded Wii, the adapter seems confused on loading Backup GameCube games via DIOS MIOS. It works well once past the GC screen, and it is really a non-issue.
Takes a needle to change the 720P/1080P button-switch.

I had the component cables and playing WWE 13, and while on pause i memorized a group of pixels around the turnbuckle (lots of jagged edges), and then swapped it out for 720P via HDMI and immediately the jagged edges were smoothed out while retaining most, if not all of the sharpness in the image. Watching it in motion on my LG 32"" 720P TV was where the differences are noticed. All the jagged edges from the ropes, ring and most of the characters on screen were gone. I used WWE 13 as a good test for this due to the aliasing that occurs.

For those that play their Wii often, this is worth the money.","I know, a 5-star review..."
3.0,"I really can't recommend this product if you can buy the G502. I tried both and kept the G502 because of the following reasons:

Better feel, sound, and response of the primary left and right buttons and especially the buttons by the index finger and thumb. Placement was also slightly better on the G502, at least for my hand.

The G502 does have a slightly more premium feel.

There are other minor factors as well, but those were the two greatest factors for me. The one plus of the G402 was that there is no rattle of the wheel.","Great, but g502 was better for me"
5.0,EVERYTHING IS GREAT,Five Stars
5.0,"Wonderful! Best video game system for me based on game choices, graphics and price. Easy to set up using the quick start guide.  Fun to play since it came with the Star Wars bundle. Hours of fun with amazing graphics.  Battlefront is so good we have not played the other games.  The single controller that came with the system has a cable so you can charge it while playing.  I purchased an additional controller and charger but I expected to purchase this.  I did have to buy a LAN cable to connect the system to my router, but most individuals will not need to do this.",PS4 system
5.0,good game nice storyline and good game action.,good game
5.0,excelente,Five Stars
5.0,Loved the movie. Loved the game(weak voice acting abounds but not terrible).,Spidey sense is tingling.
5.0,"I am currently still playing this game, and I would say I am about 65 hours into the game. If that is any idea of what I think of this game currently. I mean it has great makings for a single player, open world, fantasy rpg. It has some cool features that are applied when lvling your skill and abilites. Also the loot makes the game much more enjoyable and exciting especially destroying loot(using and lvling blacksmithing) and then using the parts you gain to craft even better gear from uncommon to epic. I happen to enjoy the hack and slash feel of the game, but do not let that fool you this game is in short...hard. I mean you have to be able to time the blocks and dodge just right or take the chance to stay stunned or poisoned, etc. It definitely has it's challenges and that is a good thing, I wish it was a little more populated with npc's with a bit more interaction, not to say there is not any because there is, but I believe the game feels a bit lonely at times, especially in tsome of the main quest area's. I suppose that is one of the downfalls is that it is strictly single player and a bit lonely feeling in the game play. The story I believe is a good one with some of the more minor cliches with some unique twists and add ins. I recommend this game and will be playing it the whole way through. I recommend people give this game a chance at least to the level 20",Took me a bit but I am glad I gave it my time
5.0,Great  game,Five Stars
5.0,Warning you will lose track of time playing this game.,Five Stars
5.0,Perfect.,Five Stars
4.0,great fighting... you have to get used to it though. combos are hard. not a fantastic story... and dlc is about another 40 dollars,great fighting.
5.0,"some pointers before you begin
1. This thing is heavy. If you drop it it may cause serious injury
2. This thing is big. Even though this is a toy, it makes feel the others like toys
3. You need to put some muscle into moving it. If you have not tried it yet, you will notice a huge difference with what you may be used to by now. I did not find stickiness (though I have not tested every single one that has came out of the factory), but may be that what other people call stickiness is part of its size and the force you have to use to move this. Even so, once you pass the surprise, this is what becomes natural, and the others feel like plastic sticks (though they are)

The movement is quite fluid and precise",pleasant surprise
5.0,"This is 'really' one of the more enjoyable mystery solving, hidden object type games I've played.  Great scenes, temple ruins, courtyards, river, lava, kidnappers, it has it all.  Cute mini games, some I really had to use my brain.  Fun to play more than once.  Worth the money.",Feels like you're there
1.0,couldnt get it to work on my computer,One Star
5.0,This was a great deal and I still have it today.,Five Stars
5.0,"Great, perfect to have time with your family or friends",Five Stars
5.0,If you enjoyed bioshock then you will love bioshock 2.  Ignore the critics 8.0 and 4 out of 5 scores. This game is a strong 5 out of 5 or 9.5 out of 10!!,awesome
5.0,Awesome in every way!,Five Stars
4.0,"It is a decent controller and all the parts work well, but it is still a third party.  It is really difficult to move the control stick slowly, and when using it in games, it just doesn't feel quite right.  I think in the future, I will just buy replacement parts from companies like this and use them to breathe new life into my old controllers.",Decent but still third party
3.0,"When I got this almost 3 years ago it was meant to hold me over until Microsoft came out with a better remote.  They haven't and I haven't really needed it for what I mainly use it for.  It is disappointing that simple functions like skipping tracks don't work in some MS apps like Groove.  I don't have a subscription so maybe it just doesn't work when playing your own music from One Drive. Also, there's no sort of low battery indication.  You'd think at this point they could have integrated some sort of on screen warning if they didn't want to put anything on the remote but no, your only indicator is pretty much that button presses randomly won't work unless you hit it a couple times and slowly but surely it gets worse until the batteries are dead.  Since it requires line of sight this is pretty easy to confuse with a possible obstruction.  Bottom line, if you lower your expectations and get this at a decent price you won't be too disappointed.",If you lower your expectations and get this at a decent price you won't be disappointed.
5.0,Excellent,Five Stars
5.0,GREAT,Five Stars
5.0,Works real good,Xbox connector
5.0,"I was a big fan of the Baldur's Gate games, and when Bioware touted this as the spiritual successor to BG, there was little doubt that I would want to own it.  My experience with CRPGs is admittedly limited - primarily to BG, Neverwinter Nights, Fable, and Morrowind.  But that being said, I would readily state that this is easily one of the greatest I've ever played - if not one of the greatest RPGs ever.

I'm less than a fifth of the way through the game, and I've clocked in a solid 24 hours of gameplay; at this rate, I'm certain it will take me a full 200 hours to complete just the first time through.  That's partly due to the fact that I keep getting distracted from the main plot by the dozens upon dozens of sidequests.  And that's not even yet taking into account the significant character stories that will play out depending on who's in my party; or the fact that this is just one of the six origin stories - and when I play again, I can have, in many ways, a brand new experience when I try one of the others.  I've also sat down to play it at least a dozen times, promising myself I would go no more than half an hour, and then wind up playing it three hours or more; this game is like crack - I tell myself I can stop at any time, over and over and over.

Combat is at the heart of what I love about this game; I find it to be immensely satisfying.  Bioware RPGs are the only ones I've ever encountered where combat is both real-time and party-based.  They thankfully switched to a mana-based magic system, and added in a similar stamina-based system for warriors and rogues; so while mages get to learn and activate cool spells - of a wide varying, and in increasing levels - warriors and rogues learn special tricks of their own in battle - taking it beyond simply swinging swords at one another.  You can pre-set things by the tactics system, with individual commands for each character depending on each step within a battle.  Personally, I like turning the tactics off, and taking full control of each of my characters, determining when and what they do.  The only thing I miss is having six people in my party, rather than four.

The other driving force that makes the game so fantastic is the story and character.  There are loooong stretches of dialogue and story, and your individual responses can significantly impact the game.  Breaking away from the alignment system, characters are not so much classified as ""good"" or ""evil"" - but they will approve and disapprove of your actions, which is judged along a point system, depending on how that character feels about you at the time.  If disapproval goes too low, that character may leave your party and never come back. (And depending on gender, if approval is high enough with certain characters, it can activate romance.) But it may come about from doing something that all the other party members significantly approve of; Bioware promised that they wouldn't be the obvious ""right"" and ""wrong"" decisions to make - there are situations with difficult decisions to be made, and there really is no right answer.

The camera system was a big reason I wanted the PC version, rather than for the Xbox 360, or PS3.  I love the freedom of looking around; the fact that I can bring the camera down directly over the shoulder of my character, or that I can pull back to a top-down perspective like Baldur's Gate - primarily useful during combat, with a broad view of the battlefield.  Similarly, as someone who recoils at the traditional WASD utilization of so many CRPGs, I actually rather enjoy what's employed here - with the option to use the keys to move your character around, or using the mouse to click on the area of ground I where I want my characters to move, just like in Baldur's Gate.

There's a camp site always accessible, which functions as sort of the hub of the game.  While there, you rest of up from injuries (acquired anytime someone falls in battle), re-stock supplies with the dwarf merchant that follows you around, access downloadable content, and initiate conversations with the other members of your party - but even that can be tricky; say or do the wrong thing, and the character you're speaking too may suddenly drop significantly in approval points.  Also, in addition to the unique characters for your party, kudos to Bioware for recruiting the likes of Tim Curry, Kate Mulgrew, and especially Claudia Black for voicework - I would consider Black's character, Morrigan, to be like Minsc in Baldur's Gate: you have to play through with 'em at least once.

The individual class systems are more customizable; the character creation centers more on actual appearance - down to the shape of different parts of the face, and so forth - and then you simply select a gender, race, and class.  Then, each of the three base classes - warrior, rogue, and mage - has subclasses, one of which you can emphasize on into the game.  Similarly, each time a character gains a level, you are given points with which you can assign to increase attributes such as strength, magic, dexterity, cunning and constitution.  You also get to decide the new abilities and spells for each character as they level up; rogues can learn stealth and lock-picking, as well as specific combat tricks; warriors can determine whether you want to emphasize a two-handed weapon, two weapons at once, or sword and shield; and mages learn a variety of spells based on nature, spirit, etc. that vary between offensive and defensive.  There are wonderful little details that ultimately prove toward making your individual character - and party - entirely unique.

My only, minor criticisms of the game are this:
-The subquests, though fun, are not altogether varied or creative; most the ones I've encountered thusfar usually involve going somewhere, killing a person or group of people for whatever reason, and reporting back.  Though I do rather like the added abilities of persuasion and intimidation - depending on your strength and cunning.
-I turned off the persistent gore in the options menu, because I didn't want my characters walking around splattered with blood all the time; but beyond that, I actually find there to be so much to the point that it actually becomes comical.  Bioware seems to have become so delighted in including it in this game, they didn't stop themselves from going completely overboard, and it occasionally can make some of the more brutal cutscenes of battle somewhat difficult to take seriously.

A final note about technical requirements: my computer has a chipset, rather than an actual graphics card.  The rest of my specs are more than adequate (3 gigs or RAM, 2 GHz processor), so I downloaded the character creator and it worked just fine.  I read around a lot online, with varying opinions about whether or not a chipset could handle such a technically massive game like Dragon Age, and finally just decided to buy it on the hope that it would work.  I put the graphics on their lowest settings, and always play it with my computer on high performance, and it works just fine.  Is it perfect?  Of course not.  It struggles sometimes with loading, and a few of the cutscenes; and if more than a dozen characters are on screen, the frame-rate drops significantly; but it gets by.  And that's all I need.  So if you're in a similar predicament, I would recommend trying the character creator, and doing research on gaming message boards, etc. - because even with just a chipset, there is still a possibility that the game could work on your computer.

I love Dragon Age.  I'm not even close to finishing it and I already love this game.  I play mostly console RPGs, and find they usually become bogged down in repetitive, turn-based combat, utilize immensely flawed real-time combat, or synthesize themselves with other genres.  Only Bioware has ever managed to produce what I believe to be the perfect RPG; one that is never too reliant on one element, but rather perfectly balances gameplay, combat, story and character - in the most seamless form as though playing out an epic fantasy story as the main character.

Between Dragon Age and Baldur's Gate II, nobody does RPGs like Bioware.",Bioware at its best
5.0,"this is without a doubt  the best screen protector over there!!! not to mention the fact that it's  really easy to put on!!! excellent product, ah almost forgot it hides the littler scrash on your psvita screen for sure!!!",best protector I've ever had!!! and easy to use!!
5.0,"Can't game without these things, try them u will get used to them quickly and u will notice better aiming.",try them u will get used to them quickly and u will notice better aiming.
5.0,"If you are a fan you might find a few things annoying from the original to 2, but really it is still a great game. fun and the story is pretty good too. multipayer is always a challenge and pretty well balanced but not like the original. I loved the campaign and there is nothing like walls of siege tanks and bunkers to slow some zurg down!",Love this game!
5.0,"Ordering was easy, price was good. Vendor communication was excellent. Delivery was within the stated time frame. Would buy from this vendor again.",Star Wars Rogue Squadron III: Rebel Strike
1.0,BAD BAD BAD,BAD BAD BAD
5.0,Right on target with the other Duke Numkem's...a never ending story...great graphics...great characters....great game,great graphics.
4.0,Completely functional and great price,Very good
4.0,"I loved the hand-to-hand combat. It is as slick and refined as anything I have played. The graphics are top notch. The voice acting is great. The plot is weird and wonderful, despite being a little nonsensical. I enjoyed gliding around the city and rounding up bad guys, solving murder cases, taking out militia checkpoints, and being generally disruptive to the bad guys. There are many hours of pure Bat-fun to be had here.

However, this is a flawed game. The tank battles are sort of fun once you learn how they work, but the boss tank battles (like Deathstroke) are annoying. All of the Riddler crap could have been left out. He was in the other three games and I've had enough of his shenanigans. The Batmobile can be fun occasionally, but most of the time I found driving that machine to be a real chore. I want to beat up criminals, not run them over. I spent most of my driving time crashing into things. The Riddler trials than required the Batmobile were just plain stupid. Having to complete every single Riddler challenge in order to get the ""real"" game ending was a stroke of stupidity by the developers, and a big middle finger to the fans of the series.

If you are a fan of this series, do yourself a favor and play this game, but be prepared to skip the annoying parts.",Fantastic but Flawed
5.0,I got it to finally replace my old PSP's back piece that broke off years ago. It gets the job done and it's cheap so I can't argue here. Good product.,PSP 1000
5.0,"This Was One Of My Most Favorite Classy Games I've Played During My Times As A Beginning Gamer, I Was Very Addicted With This Game When I First Played It On My Old PC.",Aww The Old Days When This Was Around
5.0,this review stuff sometimes isn't needed and it really bothers me that i cant just hit the stars and be done,great game
4.0,"Never did finish the first Dishonored, but certainly finished this one.  Felt it needed more of an ending than some lines of text and stills in the background, which is probably the biggest let down of the game.  I had fun playing through it still with that terrible excuse of an ending I am currently in my second play through, having a bit more fun killing everyone in the process, even if without powers.",I had fun playing through it still with that terrible excuse of ...
5.0,perfect to eliminate the slick feeling of the elite controller.,Five Stars
5.0,I'm new to this franchise but I'm having a blast playing this game! Combat is relatively simple (which I like) and the game offers plenty of content. Highly recommend!,Great Game!
4.0,This is the exact retail package you get in store. Everything works and it arrived in excellent condition.,Retail  packaged.
5.0,Much better game than i expected. Picked it up cheap and got a lot of play out of it!,Great game and value!
4.0,"The gameplay and story were very good. It probably wasn't as good as it was hyped up to be, but I had a lot of fun with it. Great game for fans of the first in the series. 4 stars",Very fun
4.0,Worked great matches pink Wii mote,Four Stars
5.0,Thank You,Five Stars
4.0,"Like others I was intrigued by the new D-pad for the otherwise excellent 360 controller. I would have liked it to have seen something similar to a dual-shock's D-pad (that controller's only redeeming quality, IMO).

This D-pad is twist-able: twist right=plus sign, twist left=same crappy disc it's always been. That said, I don't know why anyone already looking for a better, more accurate D-pad would choose the disc, but hey, whatever ;) The shinny plus shaped D-pad is better, but it still is a bit problematic -- for me it is up/left, it still goes either up or left, but I have noticed an improvement in the other ""off"" positions. For fighting games it does ""roll"" through combos more accurately. How much more? That's hard to quantify depending on player style.

Ultimately is this new controller worth the $60 price tag? NO, not when I bought a plain white one from Amazon a few months ago for $28/$29 on sale -- right now (2010.11.17) the black glossy is on sale for around $35 (although no battery or cable for either). Unless you play games that use the D-pad a lot, really like that grayish-silver color or need the play and charge set-up it is probably *not* worth the price-tag.

A couple of caveats besides the D-pad, the buttons are very ""flat"" in appearance -- 2 clearish (A and Y), 1 smokey (B), and one dark gray (X). I will eventually swap these out for lit-up versions of the standard color format (whenever I get time to take the controller apart and solder a few wires for the new buttons...not anytime soon, but someday) Also the trim is duo-tone: black for the chat pad connector, as well as bumpers, triggers and battery packs (the play and charge cable is now all black as well) -- then gray for the thumb-sticks and the ""off"" positions of the D-pad (up/left & right, down/left & right)and the A,B,X,Y buttons. If I have time this week I'll post a video, but that's a big if right now, but either way I hope my review was helpful and thanks for reading...GAME_ON!",New Shinny D-pad = Not Quite There Yet
5.0,"So Gamecube might not have launched with a Mario game but Luigi finally starred in his own title! Though not a platformer this game is engaging and fun all the same. It's got a fun Ghostbusters-esque gameplay theme, and it's fun to explore every nook and cranny of the mansion. Luigi really should get more time in the spotlight, especially if he continues to star in games like this. Though I owned a Gamecube at its launch I only recently played this game in its entirety. In the end I kicked myself for not playing this sooner. If you missed out on this the first time, don't pass it by again!",A great breath of fresh air for 1/2 of the Mario Bros team!
5.0,I love this play set it's really fun,Five Stars
5.0,use it all the time,Five Stars
5.0,"This keyboard isn't cheap, but you can tell the difference the first time you try it out. Keystrokes are incredibly smooth, the LED backlighting is VERY bright and beautiful, and overall the keyboard is just excellent.

MX Red switches:
This is my first time with mechanical keyboards, so I've never used any of the other mechanical switches, but the Cherry MX Red switches are awesome. If you're looking for switches the don't require much force to push them down, the MX Red switches are should be your choice. Unlike membrane keyboards, I believe these MX Red switches don't suffer from any ghosting at all, which is very common on cheapy keyboards.

LED backlighting:
If you want some crazy bright backlighting on your keyboard, look no further than the K70. You can also switch the backlighting to only illuminate the gaming keys (WASD, 1-6, and arrow keys), which just shows how gaming focused this keyboard is. And, of course, if it's too bright for you, the keyboard has three brightness settings and off.

Key caps:
The keys are pretty typical, but I like them a lot. The keyboard comes default with the black keys on the entire keyboard, but it comes with 1-6 and WASD keys in the texturized red keys you can see in the pictures. To my surprise, the keyboard also comes with a tool to easily remove keys and replace them with any other keys; that is awesome!

General notes:
The keyboard does lack macro keys, so if that's your thing, look elsewhere. However, since there aren't any macro keys, the keyboard isn't overly large, which allows it to fit better on tight desks. I'll also note the volume wheel and media keys (pause/play, etc). I love those added touches.

Overall, this keyboard is crazy. I haven't switched all of my computers over to mechanical keyboards yet, but I'm definitely in the process. Corsair didn't disappoint with this keyboard at all.","Smooth, bright and beautiful"
5.0,This is an oldie but a goodie. I also grew up with this game so I repurchased it when I was finally able to find it. Graphics are deplorable (by today's standards) but this game is fun and still a little challenging but like all other games of its time you just have to memorize the pattern.,Good old fashioned side scroll
5.0,"Amazing game, there is not alot i can say of this game other than is one of the best games i have ever played, its up there with Skyrim, Fallout 3 and Street Fighter 2 turbo.",Amazing.
5.0,Interesting game,Five Stars
5.0,Perfect to add to our skylander collection,Five Stars
4.0,I've only played it a few times so I can't base this on a beginning to end rating.  What I've seen so far is visually awesome.  The control layout is a little difficult to master.  With a few more hours of game play this is going to be one of my better choices for the XBOX ONE.  If you are a Tolkien fan than this is a must have title.,A Must Have for Tolkien Fans
5.0,Grea skin for the Xbox controller.  Easy to install and help you to hang on to your controller with excellent grip,Skin Set for Xbox One Controller
2.0,Like I said above balance and shortness are issues otherwise if you like Star wars Unleashed its more of the same.,2 stars for balance and shortness
5.0,"I original bought this for Knights of the Old Republic because I missed it the first time around.  Great game By the way...  To my surprised I found the other games extremely fun, Republic Commando and Empire at war are great games.  Battlefront was OK but still fun.

If you missed any of these games the first time around I high recommend this package.

Knights of the Old Republic: 9/10
Empire at War: 8/10
Battlefront: 7/10
Republic Commando: 8/10
Jedi Knight II: 8/10

Also if you buy this to play KOTOR, find the hex hack on the Internet so you can play this game in 1920x1200, makes for a more enjoyable experience then max 800x600 the game allows",Box of fun
5.0,Got what I wanted!,Five Stars
5.0,"I have this for Xbox, no comparison in ultra and 4K res!! Ridiculous period, pictures worth a thousand words check the two out I've included",Best game period
4.0,Nice game!,Fun
5.0,Very cool,Five Stars
3.0,Lost interest as soon played one season.,Three Stars
3.0,"While certainly not the worst game ever, this is unfortunately about the weakest attempt in the TR series, other than last the last Tomb Raider reboot (2013).

Both games suffer from trying to change the formula a little too much. Tomb Raider 2013 focused on fighting rather than tomb raiding, and similarly Angel of Darkness makes combat more of a priority. Likewise, both games suffer from a lack of tombs. For TR2013, they were added in as ""optional"" side quests (mostly single shot environmental puzzles), and in AOD, they are again mostly ""incidental"" city environment puzzles. While it's admirable that these games try to shake things up, both miss the mark.

On the pro side, it is a Tomb Raider game, which means that if you can put up with the terrible control interface,  it's better than average even if it is on about the bottom rung of the TR ladder.",Good if you are collecting all the games or get it on discount
5.0,yay,Five Stars
5.0,The memory Card has been very useful - my son really is very happy with it!,Memory Card
5.0,"Loved the game! The graphics were great and the story was set up well. The story wasn't as amazing as the twist ending to the very first InFAMOUS, but it was good. Plus, the powers are really fun. The gameplay mechanics in this game are very similar to the infamous games on ps3 with some added buttons. If you loved infamous 1 or 2....or both. Then you'll love this game too! Keep em coming sucker punch!",Oh yeah!
5.0,"I've played every Souls game and loved every minute. The graphics are stunning, the areas are diverse and give you that great feeling of discovery. No more cheap 3on 1 fights like DS2. The new weapon techniques are interesting. Makes you adjust your playstyle if you want yo implement them. Cool NPCs with storylines. Bosses are mostly a treat. I don't need to say much more, buy it",A great end to a great series.
5.0,Good game,Five Stars
5.0,Very fun. I'm not very good at building my own levels yet though.,Great
2.0,The unit does work however many times I have found that sometimes the unit loses its connection and the battery is dead next time you want to use it. Other times it works fine. Should be redesigned to hold the unit more securely while charging.,Good Idea - Bad Implementation
4.0,"I was using the Corsair Glaive prior to purchasing this product on sale. My initial impressions were fairly negative, trying to adjust to all the buttons I could hit with my thumb on the side. The mouse is also quite heavy in comparison to my previous one so it took some time to be able to maneuver it consistently well.

After using this mouse for several months, I've come to like it more than I initially thought I would. Those already using a similar, heavy mouse with many buttons probably won't notice a difference. If you're switching from a standard mouse you picked up at the local Walmart, it will be a big change. I haven't used the additional functionalities of the mouse very much, but those I have worked fine. The only gripe I still have is that I hit the bottom-left button on the side accidentally more often than I would anticipate even after using the mouse this long. Due to this, I cannot map anything to the button for fear of activating something unwittingly.","Heavy, with sensitive buttons"
5.0,"The game is very good, excellent, but my children despite Internet search can not find a way to play two players.","The game is very good, excellent"
5.0,"This is a great game with aspects of different games.  It has the vast maps from the game Skyrim, the graphics of war of Warcraft, the movement of dungeon siege III, the weapon durability factor from demon souls and the ability to travel to anyplace, which is found in skyrim.  Great buy and I recommend it for anyone who likes a great RPG game.",great game.
5.0,Great,Five Stars
3.0,"Absolutely one of the hardest games I have ever played.  There is a design flaw that will leave the game impossible to finish if your characters have low morale.
The mechanics are fun and different with a lot being owed to the Fire Emblem series.  If you love a challenge or are simply a masochist, try it.
I have read that the difficulty issues were fixed with the psp release, but I have not played that version.",This game will kick your butt!
5.0,"So happy I got this.  Not being able to close it can be a pain on the hand, but you get used to it.

Also Pokemon Y, oh my goodness.  I hadn't played a Pokemon game in like 10 years almost and I was so glad it was Y.  Fun, lots of new interactions, and wonderful story.",Amazing game console and awesome game
4.0,"Before i get started with this, i'm at 30+ year gamer who's seen about everything and i'll say this, any review written the first day should be ignored. This system takes time to absorb the pros/cons of it. A ""day 1"" review should never be written.

While this is an awesome system....getting started is the hardest part.

I have ""business"" class, high-speed internet. GTA 5 took 14 hours to install. Halo is also a several hours install. Why? These are ""digital"" versions, also known as ""downloadable"". If you want to play, immediately, i suggest buying the disc games and installing. This game system comes with it's general Operating System ONLY on it so you have to download almost everything you use.

Now, the great part is that there is a LOT more coming for this system, such as Windows 10 (it's scheduled for November) which ramps up the flexibility and usefulness of this system.

All you old 360 stuff, it will NOT work with it. However, you can plug your 360 into your Xbox one and play ""through"" it. It's kind of a piggy-back situation.

Oh, another great thing about this system, you can buy an external SATA drive and just plug in and GO and the XB1 will, most likely, be compatible with it. There is a nice 5TB, external, from Amazon, for $129 that will set you for quite a while. These drives pretty much let you install anything on them, a big change from the 360 days where our options were limited.

Being an owner of console systems, since their very birth (that's the 1970s), i can speak from experience that this is the best system i've seen. It's had a slow start but all of the XB1's ""extras"" are starting to come into play and make this system really shine. Playing GTA 5 (again) was like playing an entirely different games because it allows you to play ""1st person"" view as well.

I highly recommend getting a Kinect, later, because this is going to be the system that's going to be the changing-point for consoles forever.",What this system does and what to expect when you get it..
5.0,"Got it for my kids, and they love it.",and they love it.
5.0,Good,Five Stars
5.0,"We are huge fans of the Final Fantasy series in my house. Although I thought this one was totally different from the ones I played (VII, VIII) my oldest son & daughter in law, teen son and teen daughter are all fully enjoying playing. I myself don't like that there is an option to purchase the season pass to play ALL of the game but I'm sure everyone has different feelings on that. You can not buy the season pass and enjoy playing just as much as you can by buying it. There are plenty of free DLC and other events to participate in.",Must buy for Final Fantasy fans.
3.0,"I got this game for $30 and can not imagine paying more money for this game as I don't believe after playing it that is worth any more than that. 2 and 1/2 stars.

Pros- Awesome graphics, I would say slightly better looking than the latest Most Wanted game. The landscapes are varied and the best I have seen in any NFS game. The cars sweat a lot, but it looks nice. I have an i5 3570k, HD 7870, and 8GB of RAM with this game is maxed out and it runs very smoothly. I wish it wasn't capped at 30fps, but for most it really shouldn't be an issue.
-The cars are fantastic. It is mostly all exotic beautiful expensive cars (you don't start out in anything cheap). Ferrari I missed you!
-The driving is very similar to Hot Pursuit, so is the gameplay and races. Yes you can make the car do a 180 or turn on a dime. Cop chases are super fun and difficult. It's no easy task to get away from them especially the more heat you get. Getting busted has consequences (you lose all the speed points you have been racking up).

Mixed feelings- The online is nice sometimes when you want to race real drivers, but they like to smash into you a lot. It can be laggy, but I have not had too many issues with it. I mostly play single player and enjoy that mode the most.

The bad- There is one persistent bug that really pisses me off. I can be driving along and all of a sudden my car will freeze in place while the environment loads up. The problem with this is it can last anywhere up to 5 seconds and all the while everything but you continues on (the racers, the cops, and the timer all continue while you are temporarily frozen in place).
- No wheel support for a racing game...
- Barely any cars. Only 24 cars for racers and 24 cars for cops. Maybe I am just spoiled by Gran Turismo and Forza.
- Crappy car customization. It's enough to keep me happy, but don't expect Midnight Club level customization. Heck even GTA V had better car customization.
- Absolutely no way to pause the game (what nincompoop decided that) I understand for online, but even in single player you can't pause.
- EA sucks

Overall I feel like this is a combination of Hot Pursuit and Most Wanted (the latest ones). I enjoyed both of those games much better than this one. I will say this game is still quite a bit of fun on PC and if they fixed a few things it could be even better. If you are really desperate for a racing game then this one is good enough despite it's problems that I could recommend it.","Fun, but has some glaring issues."
5.0,"Since Amazon doesn't want people to post links in their reviews, I will add a comment to this review with instructions on how to get passed the following error; this error occurs very early during installation (i.e., the install will create the folder and copy 1 file before it gives you this message):

Could not load the DLL library
c:\program files\jowood\chaser\math64.dll.
Invalid access to memory location

As for the game itself...
I thought the graphics were just fine for a game this old.  I thought the graphics were much better than Half-Life.  I'm running Windows XP SP3 with a Nvidia GeForce 7600 GT video card.  I've got the graphics turned-on ""high"" with resolution set at 1920x1080.

To learn about the game play, read some of the 4 and 5 star reviews as well as the Amazon product description.  I won't rehash what's already been said.

There is a patch available...version 1.50, which you can get from FilePlanet.  Official Map Pack 1 is available from FilePlanet too.

The game requires a CD key (serial registration number), which is printed on the front of the game manual; so be sure the manual is included.

For those of you experiencing the math64.dll installation error, please read the first comment on this review for help.

Visit my Amazon wish lists to see my 4-star and 5-star PC games:
http://www.amazon.com/gp/registry/wishlist/BEYS4KHZTP24/
http://www.amazon.com/gp/registry/wishlist/35VC2S12P5A8R/

Enjoy!

The seller was maximumex_books.",fun game after you get past the math64.dll install error
5.0,Our little girl killed her first DS and this was a replacement.  Works great!,Works great!
5.0,great game,Five Stars
4.0,"This rather inexpensive flight stick does the job. I bought it to run Rise Of Flight, Channel Battles Edition, which it does quite well.",Does The Job
5.0,"Works well, no complaints.",Five Stars
4.0,I must say for a generic brand of game accessory I'm very pleased. Picks up movement well and does the job.,Decent Generic WII sensor bar
5.0,My grandson loves it.,Five Stars
5.0,"Great Keyboard. It has a good size, the keys are very comfortable, and every function comes very handy and if you create good macros the side keys will be in the perfect position. It is silent that is something you might want on a keyboard.",Well built!
5.0,"This is one of the most engaging games available for the Wii.  Our son loved it, and immediately started begging for Pikmin 2.  I am pleased with its E rating, meaning that it did not try to make up for deficiencies like many other games do by resorting to sex or violence.  Instead, it stands on its own as a great family game.",Excellent Game without Gratuitous Violence
4.0,"I love action rpg and really liked untold legend ""brother of the blade"". This game added better graphics, voiceover.",Hours of hack and slash fun.
5.0,Looks great! Feels great!...I highly recommend it,Dope shell
5.0,I felt that it was worth my time and effort to find this product it made it so my daughter could play all her games with no worries.  The quality of what I received was very good.  I would recommend this seller.,worth the time to find
5.0,"Alpha Protocol is, hands down, the best stealth espionage game I have played to date. It is creative, fun, intense and full of atmosphere. Best of all, it has an insane replay value because of branching paths and dialogue trees and endless decisions to make which all affect the game in subtle and significant ways.

A must have if you own a PlayStation 3.",Excellent underrated game
4.0,Works great for a better grip on thumb pads. Material wore a little fast but didn't affect use.,great idea
3.0,just okay,Three Stars
4.0,"I really like this game, I know it gets a bad rep from Silent Hill purists, but the game is pretty good overall. It looks good with its textures and has a very good crew of voice actors. The controls for combat are admittedly a little stiff and unresponsive at times, but in general it is not game breaking. I enjoy the story for the game and while it does little to advance much of the mythos in other Silent Hill titles, it is still enjoyable when looked at as a companion piece to the main series (ie. Silent Hill 1-4).",Not as bad as most make it out to be
5.0,"The build quality of the Wii remotes has not declined over the years while the price has fallen and the features actually increased. There is not much to say about the typical Wii remote that most Wii owners don't already know, but compared to the prior models, this one has the Wii motion plus built-in so there is no need to attach the extra dongle and it works great.

One minor word of caution to anyone out there that uses Hombrew on their Wii. This model does communicate with the Wii differently, so software that was compiled many years ago may not recognize this model remote. Many older Homebrew applications have been abandoned by their creators, so older emulators may not support these remotes while others with proper support have been updated. SNES9X-GX and FCEUGX are two such emulators that DO have support while HUGO-GX on the other hand has been abandoned and will NOT work with these motion+ models. Since Homebrew is not supported by Nintendo, this cannot affect the overall review or score.",Old-reliable Wii remote with motion plus!
5.0,Played well and the graphics were great. Did not require original game to load the newest addition.,FEAR
3.0,"works, does what its supposed to... product is what it was supposed to be.
now i have a good working extra video connector for my PS2's","good shape, what was expected"
4.0,"Firstly, Amazon's product description is completely inaccurate. This game does not contain Darius Gaiden, Rastan 2, or a total of 40 games.
Rather, it's got about 20 games, the standouts being several renditions of Space Invaders, Rastan part 1, Cameltry, Qix, KikiKaiKai, and a few others. Four remade games add value, including great versions of Cameltry and Legend of Kage.

Bubble Bobble is noticably absent, as is Rainbow Islands, which was included in the Japanese version. Still, you get a bunch of fun games (which multiple display options, such as vertical or zoomed-in views) for a low price.","Great compilation, despite the obvious omissions"
5.0,"I have several workout games for several different systems. From the Wii Fit to the Golds Gym for X-Box and even Biggest loser.  So far this one gives you the best workout I have ever done on a game system.  There are several options for starting out and expert levels.  You can do individual workouts or a long one that has more of a circuit thing with 6 intervals and three exercises per interval.  I do this and I actually am sweating.  The jump rope is an excellent cardio and so is the boxing.  There are a few workouts where it is hard for it to recognize my movements or sometimes it cuts off my head but that is nothing resetting it can not do.  I will say it takes a bit to load but once it is loaded it is fine.  I wish the add-ons where not so expensive but I have gotten a good workout without them so it is not a big deal to me.  (You can pay for more workouts and different dance routines)  It has Zumba and 2 other dance workouts on it.  It also tells you if you are not doing an exercise properly, which can get frustrating at times when you feel you are so I just ignore the beep that tells me I messed up.  I do not like how it keeps track of your calories burned though.  I wish it had a setup like the wii where it tracks by each day but this just adds them all up from the beginning of the game.  You can't see a daily report. (At least not that I have found yet)",Best fitness game for any system I have ever done.
5.0,Fun little game but now we are stuck and can't continue :( seems so odd to be stuck on a kids game lol mom brain I guess haha,great for kids
5.0,Very Very  good on my third trip to the end of this game,Very Very good on my third trip to the end of this
5.0,I love this game Katy Perry's California girls is on this game love it and so many other good songs,sweet
4.0,good,Four Stars
2.0,"So i got the game this morning. I started playing and i was VERy excited to play the game. After one match, I was very mad. The commentators kept talking and talking and they talk about different stuff except about the game. The graphics are okay and the cameras are pretty bad. I didn't have fun with this game. My friend told me that this game was the best ever. It wasn't. Madden 11 is better than this game. This game is okay. i will still keep the game so I can play with my family or friends. I expect better next year because this was a waste of money. 20 sec left in last game of the season against the 49er. Throw a perfect pass to the wide reciever. He caught then he stay poseission with the ball in the endzone. One sec later a cornerback hit the guy then he droppeed the bakk causing it to be a incomplete pass. It was 4 fourth down. i was celebrating and thought score a TD. Then when saw the ball came out of his hands. I got F**** piest !!!!!!!!!!!!!!!!!!! this game is not that good but hey it is a football game. Good things happen and bad things happen.",SUCKS!!!!!!!
5.0,"Great graphic, good gameplay experience. It cost me tens of hours to finish the story. I was so into this game when I finished it I was thinking ""thats it? already finished?"", didn't realized I had spent a lot of time on this game. This game also has an online feature, kill other players or get killed, nothing new but fun.","Great graphic, good gameplay experience"
4.0,"Works okay, is actually pink (not white like pictured).",is actually pink (not white like pictured).
5.0,"Works well, use it for virtual console games and others such as Super Mario Maker.",Works well
3.0,"bought this game for my wife to help her stay fit.  she found the game to cumbersome and not easy to use.  the item was new and was delivered on time.  great service, poor game.",Dancing
5.0,This movie is an excellent product to help build your child's imagination. This is a great movie for kids of all ages.,good for children
5.0,Excelent!,Five Stars
2.0,"Yes, it charges the DSI XL.  No, it doesn't exactly FIT correctly in the charger slot.  It's loose and jiggles and doesn't always stay in  the slot where it's suppose to be.  Cheap, I guess... but still not great.",Sorta sucks...
5.0,Wonderful game purchase. The best game of the series for sure; I did not think I would enjoy this much.,Excellent
5.0,This game really challenges your thinking and that is what I love about it! You ust can't help but get absorbed into the habit of quick thinking!!!,Great game!
5.0,should have order 2,Five Stars
3.0,ok but nothing like mgs 5 !!,Three Stars
5.0,great,Five Stars
4.0,Nice for game room decor.  Game is solid gold!,Four Stars
5.0,Gift seems good.,Five Stars
5.0,"This is probably the most well-put together handgun shell you're going to find for the playstation Move. It would have been nice if it had a digital switch trigger and some extra buttons like the Sharpshooter, but even considering that this is a mechanical switch gun, it's a very solid peripheral. It's a good size, there's no creaking sounds in the spring, and it holds the controller good and tight so you don't need to worry about it popping loose. Since all the buttons are on top you sadly can't play complicated shooters like Killzone 3 or Resistance 3 with it. However, it's great for arcade-style shooters like&nbsp;<a data-hook=""product-link-linked"" class=""a-link-normal"" href=""/Dead-Space-Extraction/dp/B0047O7XUK/ref=cm_cr_arp_d_rvw_txt?ie=UTF8"">Dead Space Extraction</a>,<a data-hook=""product-link-linked"" class=""a-link-normal"" href=""/House-of-the-Dead-Overkill/dp/B0053B7ICO/ref=cm_cr_arp_d_rvw_txt?ie=UTF8"">House of the Dead: Overkill</a>, and&nbsp;<a data-hook=""product-link-linked"" class=""a-link-normal"" href=""/Time-Crisis/dp/B003S55EWI/ref=cm_cr_arp_d_rvw_txt?ie=UTF8"">Time Crisis</a>. It's basically the Zapper Gun for the 21st century, and it works like a charm. I even like the Flash Gordon-inspired look on it-- it's almost like a throwback to the old Zapper gun for the NES.

I would not recommend spending $20 on it since you can find it a lot cheaper if you look around. It's definitely worth owning if you have a Move though, and when combined with a good lightgun shooter it's sure to be a hit at parties.",Works great with arcade-style shooting games!
5.0,Classic multiplayer fun!,Five Stars
5.0,"This game is amazing, I love the Halo series games!",Five Stars
3.0,"I played GB on Wii with another person, co-op all the way thru. Yea, the graphics are not as nice as the 360/PS3 counterparts, but the lo-fi kiddie style is not without some charm and it's not all that bad. Splitscreen co-op was on a 42 inch tv, and felt just fine, though I think doing splitscreen on smaller screens may be unsatisfying. The game does really well in the plot aspect, moving things along at a good pace, and good voice acting. The variety of weapons and gear are also a nice touch, slime guns and stasis beams help give the game more robust gameplay.

The game falls short on a few points though, mainly, the game is too short and too easy. Death in GB causes you to become paralyzed, and as long as your partner is still upright, they can just walk over to you and very quickly revive you. In fact, the other computer controlled characters will do the same, so the game just feels extremely forgiving. The high points in the game are usually when there are lots of ghosts and monsters in the area, and things just feel chaotic. It's a fun kind of chaotic, but at the same time, it feels a little random.

There is a scanning mechanic in the game that can feel very clunky and abrupt. It breaks up the action and really kills the joy of busting. But you don't have to scan everything, unless you're a completionist, in which case, have fun with that.",Tries too hard
5.0,Excelent product; THE BEST !!!,Five Stars
5.0,very good seller I get everything in perfect condition well fast excellent product all I taste what I recommend to all,excellent product
5.0,Good game & seller,Five Stars
5.0,"This thing solved an age-old problem I had. Finding a controller that works with Tera Online! That game supports XBox controllers naively, but I just don't like the feel of those, and didn't want to buy a controller just for one game.

Don't get me wrong, you'll still need to customize the controls for Tera even with this, but you just slap the select button and you're going!
I tried doing Tera with a logitech game controller, and it just doesn't support it without a bunch of work arounds. (This is more Tera's fault than the controller, to be honest)

I also tested it on Saints Row the Third, and it even does rumble! Sweet!

I didn't bother with the software. If you plug it in, then unplug it, it will work wirelessly... for a time. The PS3 controller shut off randomly, but I wouldn't expect much more when I didn't even bother installing the software they told me I would NEED to run it.

For the rest of the night I just ran it wired (Which honestly, I'm fine with) and it ran 100% flawlessly.

I might install the software tomorrow. My CD drive is busted though, so I might just keep using it wired.

P.S. To Tera fans reading this: I would not suggest using a controller for high level enemies that you aren't used to. As in most cases, a mouse and keyboard will be more accurate... BUT... if you're grinding an area that you've been a while, and already leveled up in, or if you're going around lower level areas to collect items, then you can let your wrists relax a bit.","Do you like PS3 controllers? Do you like PC games? If so, then buy this. Now."
5.0,good,Five Stars
5.0,Way better than batteries but the play time is only 18-20 hours max,Way better than batteries
4.0,Works well. Battery lasts as expected. Easy to use and so far it's comfortable.,Easy to use and so far it's comfortable
5.0,Great game for kids!,Five Stars
5.0,This reminded me the game play of DEUS X which I enjoyed very much.  The action and the ending is very good.  Will play again.,good story line
5.0,great the first time no issues,perfection
5.0,"Thank u so very much, very prompt",Perfect
5.0,PS4 best system out their. Highly recommended.,PS4 the best.
5.0,Great game.  If you like the life sim genre then you will love this game.,great life sim game
5.0,"Nice holder to leave on a night stand or a game stand.  Holds ds and 3ds games well.  This item is sturdy, not flimsy.  I plan on buying more for my other children now that we liked the first item we ordered.  It is a little pricey for what it is, but if you like Donkey Kong theme and you want a place to hold and display your games, then this is worth the purchase.",Nice 3ds/ds game holder....
5.0,Fun and exciting!!!! i have played this game for hours on end...Was shipped fast and arrived way sooner than expected.,Awesome Game!!!
5.0,Greatest game ever,Five Stars
5.0,Sin palabras!,Five Stars
5.0,Been playing this game for a long time now...it's one of the great Bethesda games which will entertain for years.,Great game!
5.0,"great for the game, kids love it",great piece
3.0,"Interesting concept to link the game and the show. I didn't see the gameplay influence the show as was teased but it is still an interesting game. This isn't a game you are likely to keep playing except when the show is on. Get it cheap and enjoy it while it lasts as I expect the servers to die sometime around 3rd season, assuming the show makes it to that.",Bargain priced.
5.0,PRETTY SWEET GAME I WAS UNAWARE OF.,Five Stars
5.0,Great,Five Stars
5.0,thank you,Five Stars
2.0,"I read the reviews and didn't see how a headset could hurt your ears that much, so I bought it anyway. Now I see, after about a half hour my ears start hurting. After a while I seem to last a little longer before I start to feel it. It's annoying enough I'd spend 50 bucks on another headset so I didn't have to deal with it",painful
1.0,"Was good while it lasted, but after about three or four months of use it just gave up the ghost and stopped working altogether. No idea why, but we tossed it and purchased a different charger. Wish it had a longer life.",lasted for a few months then just died....
5.0,Works great but you can not play classic Xbox games.,Great just like new!!!
4.0,This was a gift for a 12 year girl that had live hamsters at the time I bought this for her. She was a hamster-aholic. The game was fun and lasted a few years before she outgrew it. We gave it to my niece and she used it for a couple of years on and off.,Good gift for your hamster-aholic
5.0,"Great, always to have a spare controller just in case. Worked fine and no problems",Good to have a spare one
5.0,"Banana Splitz makes a great addition to the Monkey Ball series, and is a must-own for fans.

For those who are familiar with the first two games and enjoyed the challenge of trying to complete all of the courses, Banana Splitz will still challenge the heck out of you on the Advanced setting. There are 50 Advanced courses which start off at a high level of challenge, rivaling the hardest levels on the first two games right from the start. You'll struggle to make it to the end, but for a game like Monkey Ball, that's a good thing! What other replay value would there be if you didn't have to learn the stages in order to succeed?

For those who are new to the series, there is plenty of casual-friendly content, too. The Beginner and Normal modes are very accessible, and there are tons of mini games, some of which are worth spending a couple hours messing around with.

A new feature is the ability to generate random levels by having the game turn photos into courses. You take a picture of anything, and the game will attempt to make a stage that looks like the picture. The level variety in this mode is a little lacking, but if you buy a $2 optional DLC from the Playstation Store, you can add a lot more pieces which add tons of challenge to it, and I've even seen it generate a course I was unable to complete. This adds a lot of replay value for anyone, as you can just mess around with random levels if the main game is frustrating you. This is also a great mode to play to hone your skills when you don't have enough time to play through the full game in one sitting.

For new players, one thing that may confuse or irritate you is how you move the ball in the main game. You actually tilt the level itself rather than move the ball. Yes, pushing to the left does move your ball left, but it accomplishes this technically by tilting the level. The game doesn't really explain this, but it's important to know. For example, if you are going very fast and fly off the edge onto a platform below, tiling back BEFORE you land is essential to stopping your ball, as it'll actually bounce your ball backward at an angle, stopping you much more quickly than if you pull back AFTER you land.

Another thing about the level tilt is that it forces the camera to be automatic; the player can't manually adjust the camera without a keen understanding of the game. The camera attempts to stay behind the player, so turning the camera is a matter of sort of pulling back and to the side to adjust your ball's facing. Newcomers usually complain about this, but it had to be this way because the tilt of the level is based on the player's perspective. If the camera could just be moved all around at will, it would allow you to do some crazy stuff with the tilt mechanics. If you play the game you'll see what I mean, but as a Monkey Ball expert I can tell you that it's something you can learn to account for, and it doesn't detract from the experience once you get accustomed to it.

One more thing I was happy with was the ability to share content with your friends through the game itself. Any time you complete a stage, you can save a replay, and replays can be uploaded for sharing purposes. Simply giving people your PSN username will allow them to look up your files and download anything you uploaded. Randomly generated stages can also be saved and uploaded.

There is some content in this game that is terrible: some of the mini-games are bad, and the gyroscope controls are not recommended, but I won't take off stars for modes that weren't important to me anyway. There is enough here to be worth the asking price. If there is any downside to Banana Splitz, it's that the Vita has tiny analog sticks.",Worthy Addition for Monkey Ball Fans
5.0,"Works very well and feels high quality. I have used other similar cases to this but this is better, although it's slightly bigger. Only comes with 1 SD card slot, but I have a new 3DS so I don't need it. This is probably the best 3DS game case on the planet.","I have used other similar cases to this but this is better, although it's slightly bigger"
4.0,"Eternal Darkness is a very good game that people should at least rent. The graphics aren't the best out there, but they are good enough. The sound and music make up for the alright graphics. The game uses sound effects to scare the player. I won't say what kinds of sounds the developers used, because that would ruin the surprise. I am a huge fan of survival horror games, and the good thing about this game is that it tries to do something very different, and actually does it really well. The game's most unique feature is the sanity meter. If the player does not keep track of this and let's the meter go dangerously low, the character will start to go insane and experience hallucianations. I won't say what happens at this point either, because that will also spoil the surprise. The combat is also really good. It's much faster paced and more fun than other survival series out there such as Resident Evil and Silent Hill. Playing the game first time through took me about twenty hours, which is a good amount of time for a survival horror game. Right now I'm playing through it again because I believe there are three different endings. The second time through this game will take anyone a shorter time than it took to beat it the first time. But overall I'd say that this game is defenitely worthy to be in any gamecube owner's library, so at least give it a rent before you buy it.",Eternal Darkness: Sanity's Requim
5.0,works great,Five Stars
5.0,"Good Call of Duty, but not the best would recommend.",Pretty Fun most of the time.
5.0,"Ordered this for my husband for Christmas. He is very excited to receive it. He is an avid video gamer and goes by reviews most of the time, and he really enjoyed the rental.",My husband loves this game
4.0,"I bought this after rsv2 and the multiplayer maps are way better, but you can't sprint so your often taking 2 mins to get across the maps but I like it so I recommend it.",Good game
5.0,found that this search game is good way to pass the time while waiting for the wife and grand children,fun
4.0,Another thing I've bought for my husband. He definitely enjoys playing it. Since I'm not much of a gamer I don't have too much insight except on appearance so graphics look okay to me.,Good game
5.0,"AMAZING , Disney Infinity is already amazing , the addition of Anna and Elsa just makes it even better and more girl friendly .",Frozen Toy Box  Review
5.0,"AWESOME GAME!!!!! Damn, was this action packed!! I am a Mass Effect fan, & this game just blew me away!",AWESOME GAME!
3.0,"Twenty years ago this December, I bought a new game for my second Mac at the local Microcenter and experienced something that changed the way I looked at games forever.  Fun, addictive, action filled gaming centered in a universe rich with mystery and wrapped in a fascinating story and narrative.  The small team that built it, Bungie, was clearly taking a different approach to game development.  I eagerly lined up in successive years for the Marathon sequels, the Myth series (I and II, to this day my favorite action games of all time - read my original review of Myth II here from 1999 please pardon the typos: http://mythgraveyard.org/005967 ), and of course, Halo.

When Halo was released it was the sole reason I bought an Xbox, and again it redefined my expectations for what gaming could, and should, be.  Bungie's games, for me, have represented the pinnacle of gaming with four core elements:
1) Rich stories, told through cutscenes and in-game context, that make you feel part of something 'bigger' than just the part you are playing as the main protagonist
2) Addictive, satisfying gameplay and mechanics - what Bungie has described as ""30 seconds of fun,"" that occurs throughout the game
3) Local or split-screen co-op, to easily play with your friends (and in my case now, family), in a single room
4) Perhaps less important than the prior three, but still elemental to the experience, a compelling, orchestral musical score (for the most part done by Marty O'Donnell and Michael Salvatore)

Measured on these four elements, I am sad to say that Destiny completely fails in all but one.  The rich gameplay is here.  Everything else is, for me, a disheartening failure.

1) Story:  As many of the reviews have pointed out, the Destiny story simply is not there.  If it is, then it is far too difficult for most to discover it.  In previous Bungie games, the story gives you purpose, engages you for a clear ""mission"" to support it - and makes you part of that narrative.  It created a sense of suspense and excitement for what is around the corner, and what you might expect from the next level.  It gave you emotional engagement with characters - both your allies and your enemies, and put purpose behind their actions.  It truly created a lore, of which you as the gamer were a part.  Destiny's story does none of these things.  Your actions and why you are doing them are rarely explained, they are disconnected, and it turns the story ""missions"" into run-of-the-mill tasks in which you shoot forgettable enemies whose purpose are a complete mystery.  I have finished the story and I'm still wondering what those guys wanted.  This is a shame because as near as I can tell all of the pieces are there - they just haven't been used together to give it any meaning.
2) Gameplay: Here, Destiny excels.  It nails the ""30 seconds of fun"" - although you have to work hard at leveling up your character to experience it all, and hence at time it too feels like a chore.  I actually enjoyed the leveling up process, and I will continue to play this game for months because it is truly fun (hence the five stars for 'how much fun is this game) - but it is really the game's only strong point - albeit admitted the most important.  A side note on gameplay: It lacks any customizability from a gameplay standpoint.  I have grown accustomed to being able to set things on ""easy"" for my kids, crank up their health / shields, and let them run amok.  My daughter, who has trouble with FPS mechanics and does not play them enough to become ""good"" has found her limited time with the game frustrating because it is simply too hard for her to enjoy.
3) Local Co-op: Here the game completely fails.  With past Bungie games, especially Halo, I have been able to enjoy split screen or online private matches with my friends and my family.  I am fortunate to have two xboxes, and I bought two copies of the game - but it means I need to put my daughter in one room, with me in another, and we are still subject to matchmaking for the strikes and PvP, vs. being able to set up a private match and explore the world together as we see fit.  My wife loved this about Halo, and when we were younger we would play together in the evenings and even talk about our experiences over drinks at dinner the next night - but I doubt I'll ever get her to play a game of Destiny with me.
4) Music:  The music is solid but at the end of the day, forgettable.  The opening orchestral theme is typical of O'Donnel's work, heavy with (what I believe are) ""E"" chords and majestic melodies.  The score that accompanies the gameplay is serviceable, but never anything special to make you feel like you you're an action hero in a movie.

In sum, my take on Destiny is that it is a fun game to play and has a ton to offer, but it misses in so many areas that I've come to expect will be there in a modern game from this top-notch developer, that I cannot help but be disappointed.

A final note:  There is a TON of content in this game, with lots to do.  To get the most out of it I suggest taking advantage of all of it.  Don't plow through the story.  Rather pick different activities, get bounties at the tower and work to accomplish them, try out the different weapons, powers, and character classes, and generally take your time with it.  It IS fun - but just don't hope for it to have too much meaning other than the fun.

Here's to hoping the next iteration fleshes the universe out some more, and the community's collective feedback makes it back to Jason Jones and the team at Bungie.",An honest review from someone who has played and loved Bungie games for 20 years
1.0,This game doesn't really work good on the Vita . So much issues. It freezes wlot . You better play it in another console.,Disappointed
4.0,"Nice system, good functionality, but they could have done so much more with it than they did. There are so many functions of it that are actively ignored in most games. It's kind of sad, really.",Kinda split
5.0,"I just ordered a new one of these today, I've been waiting for several years to get a new one - trying to convince my wife I needed it.

This is the best joystick i've ever had, my old one which I bought in the mid-90s finally died on me a couple of years ago. It wasn't the hours and hours of gaming which killed it, it was the trip from New Zealand to the US, where the movers didn't have it sitting upright, but rather, jammed down on the one of the axis for 2 months in transit. Argh! It stopped centering and made flying impossible.

Still, for about 13 years this joystick took every bit of punishment i gave it. I used it for racing games, motorcycle games and of course numerous flight simulators, such as Falcon 4.0 Allied Force. The beast never missed a beat, every button still clicks like it's brand new.

Thus when it came to finally retire the old one I had no hesitation in getting the latest USB based version...I can't recommend it enough.",Best Joy Stick on the market
5.0,good,Five Stars
5.0,Fun game.  Great graphics.,Fun game. Great graphics
5.0,Great game and it is not installed on my system yet.,good times
4.0,"I'm still currently in progress in this game in the tower #3. It looks kind of repetitive, and has some puzzles to face the boss in each tower, lots of loots & upgrading weapons. The only keeps me interesting is that there are LOVELY & GORGEOUS cutscenes after defeating the boss in each tower & deliver it to Elena. It tells the story of behind the cause of the Elena's curse. For Wii, this is as good as other RPG games. For all Wii owners, this is a-must-have !",good Wii RPG  game
5.0,"The game is a masterpiece! Beautifully done, acted and the new camera angles adds to the new feel and setting of the game.",Kratos Returns!
5.0,"I have to admit. I didn't read the reviews until AFTER I made the purchase. I was a little worried afterwards, but upon receiving my product and trying it out, it worked flawlessly! Not only flawlessly, but better than what MOST of the reviews suggested. For instance, one review said it took them 12 hours for the initial charge. Mine took around 2 hours for the initial charge. One guy said it glows purple when it's done charging. It did. MANY people said that it was defective or didn't charge right and other such things. I don't know what the problem is. I only have one Wii remote, so I suggest maybe charging just one at a time? Or maybe they've fixed whatever was wrong with them before, as I see there are a TON of reviews for it. I don't regret my purchase. I've only had to charge my remote twice so far, and it works great, and the battery life, when fully charged, seems to last about as long as you'd expect: Around 5 or 6 hours of playtime. Great price. Great product. Glad to do business with this seller. A+ guys. Keep up the good work.",What's the Fuss About?
5.0,"I've got to be honest, I had no idea what I was really purchasing when I got this game. I had never heard the word otome or any of the other genre descriptors in the game's description. I was, however, vaguely familiar with the story of the Shinsengumi and thought the art looked beautiful, so I picked it up. The game is essentially an illustrated choose your own adventure book, and it was incredible. I was initially turned off when I realized there wasn't any actual gameplay, per se, but the story was engrossing enough that I found myself drawn in regardless. I loved this story. Beautiful, if sparse, artwork combined with an incredible story made me happy I'd taken a chance on this game. I can't say that it necessarily made me a fan of the genre, as I don't see myself paying $30-$40 for a game like this again, but I'm glad I had the experience of this story.
If you don't like to read, don't buy this game. This is a book presented in a unique and compelling format, but it is not a game in any traditional sense. If however, you are an avid reader or fan of a well told story, and the idea of being able to interact directly with a story intrigues you, do purchase this game. You will not regret it.",Hakuoki
5.0,MK 3 is one of the funniest and most exciting games I'd ever played. I Already had beaten it a few times.,MK 3 kicks butt
5.0,Awesome game,Five Stars
3.0,"The game has 2 great things going for it:

1. The ship combat is fun.  I would not say it is super tactically deep but it is fun. You'll have to play for about 3 hours to get to the ship combat though.

2. The main story is interesting enough to keep me wondering about the characters.

Otherwise the game is filled with pointless busy-work:  There's all kinds of things to find on the map, but very very little of it is important or relevant or interesting.  So it is almost all optional, but in your face.

Bottomline:  the should have made an action RPG game with just ship combat.  Instead this is a game that constantly veers from A- to C+.",Lots of pointless filler
5.0,exelente,exelente
4.0,"Zoda's revenge isn't the most popular game. It's the sequel to Startropics, another game that kinda flew under the radar back in the day. As a kid, these were some of my favorite games because they are similar to the Legend of Zelda. That doesn't mean to much anymore because the industry has multiplied indefinitely, but back then we took what we could get. I still have this game and while the story isn't up to par with the first one(not at all actually) it's still clever and has the quality that Nintendo has always delivered.",Fun Nintendo adventure
5.0,"You love collecting amibo and you love Splatoon, when you should love it",Amiibo!
5.0,item as discribed,Five Stars
5.0,"A must for your Xbox one,Battery last for 48 hr. or there abouts and that is with about 15 hr a day gaming",A MUST
3.0,"I like this game. I've read about some of the issues. I have had some minor issues with some glitches/framerate drops. It's not game breaking to me though. The gameplay is fun, typical AC game really. Some functionality has been removed from previous games though. An example would be picking up fallen enemies' weapons. Can't do that. Visuals are pretty awesome even on my 8 year old HDTV.","Could be better, still fun though"
5.0,Perfect for playing and charging at the same time if your arms are already tired of holding the Nintendo switch on handheld mode.,Compact and functional
5.0,"Works great as far as I can tell, paired it with a brand new PS4, so hopefully it will extend the life.",Stand is good and steady
5.0,"The reviews were so negative, I was scared to purchase this game for my Mac. The game has great graphics with only minor glitches in sound. Don't be afraid to try it out if you have enough space on your Mac to run it!

The storyline I had learned from my friend was different from the first game. When I saw for myself, I liked it better than Dragon Age Origins. There are more involved character personalities and choices for relationships in this game have improved and worsened at the same time. While you can't share a kiss with your ""sweety"" whenever you want, the romance scenes are intense and made me giggle like a schoolgirl.

You have to be online in order to play, which is one of the few downfalls. But other than that, it's a great game and I highly recommend it to Mac users who wanna try a game.",Wow!
5.0,"Very good charging station! It charges the battery in just a couple of hours and it last for a good 8-12 hours or more depending on how much your game uses the vibration feature of your controller. It looks cool and it's easy to use. I still can't figure out what this ""Elite Door"" is but whatever, it works great and I like it a lot!",Very good charging station!
5.0,"Arrived quickly, looks nice, my boyfriend loved it.","looks nice, my boyfriend loved it"
5.0,kinda wish they remade this but im glad they haven't so far because all the dlc is on the 360,kinda wish they remade this but im glad they haven't so far because all the dlc is ...
1.0,"I was not able to get this game to start on PS3. I could not get it to wotk with a sixaxes controller nor with the move controller and navigator. I could not get past the start menu. I pressed the X button but nothing happened. I contacted the CS from Disney via email and did not hear back. Called the CS dept number but the guy had no idea what the game was and said contact the manufacturer- High Impact Games. I got the following email response back from the manufacturer. See below
-----------------
You are getting this message because you showed some interest in High
Impact Games. We receive a lot of messages, so please don't expect a
speedy reply.

Unfortunately, we at High Impact are not allowed by our lawyers to
receive any creative materials. If you send any attachments, they will
disappear before they reach us, never to be seen again. The lawyers
eat them. They suck them straight from the Internet tubes. It's scary.

We lead a lonely monastic life here, just making games, and various
types of cheeses. Thank you from all of us in the High Impact
Treehouse. Its nice to know that someone down there cares. Must go
now... The cheeses are becoming sentient!
--------------
Waste of time and money. I do not recommend this game.
Started return process with Amazon.",Does not work Disney CS does not know anything and manufacturer do not care
5.0,"As someone in a multi-game household, this is perfect. It comes with tips for gba and ds lite. The feture I like best is how the psp end retracts. I find it inovative that the a/c and car ports are on the same power brick.",PSP A/C
5.0,Great game.,Fun game
5.0,Very good,Five Stars
5.0,"excellent product, well evaluated.",Five Stars
5.0,"Although most people are now in the market for PS3, PS2 is still GREAT fun for the budget-minded gamer.  The graphics are good, and with the optional remote, PS2 becomes a convenient little DVD player!  Great for the ""AVERAGE"" gamer.",Still GREAT Fun on a Budget!
3.0,"I suspect maybe I am not the target audience of this game. I built a rogue with dodge and parry and tried to treat this as an action rpg. It kinda worked for a little bit, but I can't get through the game like this. It's become stale and boring, presumably because I haven't cranked up the difficulty and used tactical mode. My trouble is that doing so yields a game where it can take a while to come up with a good plan of attack, and I don't want to spend several minutes per encounter.

It did have some great story moments though.",Not My Type of Game
5.0,"Fast shipping, one of my teenage son favorite games.",one of my teenage son favorite games.
2.0,"I spent a lot of time researching gaming keyboards before making my purchase. I've always liked Logitech and thought the G110 would be a good fit for my gaming style without having a bunch of extra features that I would never use. Unfortunately, the G110 has some issues that I can't overlook and after having the keyboard for less than a week, I am sending it back to Amazon.

Squeaky Spacebar - This is my biggest complaint with the G110. Most of the keys make the expected ""clickity click"" sound one might expect from a keyboard but the spacebar has an incredibly loud squeak that is like nails to the chalkboard every time it is depressed. Every space between each word I am typing sounds like an old spring mattress being put to the test. Even with my headset on with full gaming volume, I can still hear the squeak in the background and this seems to be a known issue with the G110 as several other users of the keyboard have reported similar squeaks on the Logitech forum. Some have even submitted tickets to Logitech Support asking for help with the issue only to be ignored.

Backlighting - The Logitech G110 has a very limited range of backlighting colors ranging from red to blue with mixed shades of purple in between. I was thinking the blue would work for me since it matches both my mouse and my computer tower but the lighting is very dim even at its highest setting. Red is the most visible but even that is dim when compared to other backlit offerings. Logitech has been quoted as saying that they didn't want the backlighting to be ""outrageously bright"" but they could have easily went much brighter without it being outrageous, especially with such limited color choices.

No USB Headset Support - I have a USB Headset so the headset connection won't work for me. I had thought about buying a USB hub for the keyboard but after reading reviews, I'm afraid that the connection wouldn't have enough power to support both my headset and my mouse. It would have been nice if Logitech included two powered USB connections on the keyboard with a Stereo to USB adapter included as part of the package.

Overall, I would recommend that gamers look for something else. The G110 is one of Logitech's most affordable gaming keyboards but it comes across as feeling cheap especially after spending $50+ on it. I would expect better from such a well known company.",The G110 is Going Back to Amazon
5.0,This is such an enjoyable game and there's just too many things to do and accomplish. I wish there's a follow up to this..i would be first in line to buy it. Thanks to the developers for such a wonderful and entertaining game! Loved it!,Great Game!
3.0,"Unlike the Ubisoft entry, the pedometers in this package actually work and register walking fairly well. I've had the game for 3 days and while I did not count each step, the hardware seemed to register my movements as I remembered them. The graph functions of the software is nice but the ""game"" here is pretty anemic. However I will say this has gotten me off my butt and walking and remembering to get up and walk when at my desk, too. It even differentiates between short bursts and active periods - a nice touch. The hardware itself turns green when you reach your step goal until then you will not know how far you have gone unless you sync. I actually found this to be even more motivating to get up and walk. There is a real satisfaction seeing the light turn green, too.

After game trade-ins (including the Ubisoft attempt at the same type of game) I paid around $17 for this out of pocket. At that price I am really happy. At $50 dollars I'm not so sure. It does come with two pedometers and they do work well but if you are expecting an really fun interactive experience with the software you will be disappointed.",It works which is a huge step us for DS pedometers
3.0,This game is quite different then anything I played before. It takes quite a bit of getting used to. Not one that I think I will finish,"Should Carry an ""R"" rating and be classified as a SIM"
4.0,"I got this cable so i could try and stream my X-Box 360 on Twitch and found out that the quality of my streaming device is not very good, but the quality of the video on average is pretty good, not HDMI good but better then the standard composite cables it comes with.","... the quality of my streaming device is not very good, but the quality of the video on average ..."
5.0,"Big Review Incoming!
Total Time in Use: 1 Week

Background: I own a lot of mice. My go-to is the Logitech G403, but lately I've been hankering for something with more than 6 buttons. Typically I go to Logitech for my mice, but the G900 was a little pricey and ugly, the G502 was too heavy and the G402 lacked RGB. I wanted something that had a bunch of buttons for games/productivity wasn't a brick and wasn't terribly expensive for a ""part time"" mouse. Given that I did not anticipate using this for competitive FPS, I accepted an Avago-9800 for the sensor. You can't have it all right? More on that later.

Size: In the same league as a Deathadder or G402/G400s or G502. Slightly larger than a G403.

Shape: (8 of 10) This is clearly designed for palm grippers in mind, which is not ideal for me since I'm a fingertipper. I was concerned about the outward flare on the right side of the mouse. It is obviously intended to support the pinkie in a palm grip and I thought it would get in the way if I fingertipped. Happy, I went ahead an purchased and all is well. It feels a little different, but not bad. Palm grip is very nice (my hands are 18x9cm) and there are actually a couple comfy ways to fingertip. The way the pinky rests actually helped make the mouse grip feel very stable in-hand - so much so that I took it into several matches of CS:GO and did very well! I'm not sure if claw grippers would be happy with this mouse since the primary clicks are attached to the shell and harder to click as you move aft on the mouse. Overall, I'm happier than I expected to be with the shape.

Materials: (9 of 10) Except for the black glossy plastic running down either side along the edge, everything on this mouse is covered in a soft touch finish that feel somewhere between rubber and textured plastic. I was instantly happy with the purchase when I felt the finish. It is smooth and adequately grippy without being anywhere near giving you that icky ""gummy rubber"" sensation. My next concern was durability. After scratching at the back of the mouse with my fingernail I am convinced it will stand the test of time unless you scrape at it with something like a flat head screwdriver. The scroll wheel is covered by relatively flimsy textured rubber. I think you could pull it off if you wanted to with your nails, but I don't have any real durability concerns assuming normal usage. Overall, very happy with the materials and apparent durability.

Weight: (8 of 10) I like light mice. Lighter is better for FPS - let's just get that out of the way. To get full marks for weight, this mouse would have had to come in at 85 grams or less. I give it an 8 out of 10 because the weight is decently light, is customizable and ""terribly well balanced."" Weight was a major concern for me when buying this mouse. Even though I thought I'd use the G403 for shooters, I still didn't want to get stuck with a brick. This mouse has weight tuning and I must say that the weight tuning implementation is snazzy. You push a switch on the bottom of the mouse and a weight tray pops out of the right side of the mouse. The tray houses up to six 4 gram weights and leaves the mouse feeling nicely balanced regardless of how many weights you use because all of them are lined up centrally to the mouse. In other words, unlike other mice, this implementation will keep the mouse's center of gravity centered regardless of how many weights you use.  Terribly well balanced indeed.
I don't have an accurate weight scale at the moment, but with the weights removed I'd say this mouse is in the neighborhood of 96-98 grams - heavier than I like but acceptable and easily controlled. Even though it is heavier than my Logitech G203 and G403, it is stable enough to work just fine for ze flickshotz!

Buttons and Scroll Wheel: (8.5 of 10) The mouse 12 actuators including 5 omron switches. That's pretty decent. Primary clicks are rated at 8 million, which is hardly eye-popping, but for me, that is roughly 8 years worth of use and that assumes it is the only mouse I use. 8 million is still decent bang for the buck. The primary clicks are significantly heavier than my G403 but still quite light and nowhere near a huano. Primary clicks are moderately light but with a decent bass to them, more like a ""thwock"" than the G403's ""tick"" which makes them satisfying in a different way. The scroll wheel is notched with easy yet distinct bumps and has a very slight rattle when shaken. Clicking the scroll wheel requires moderate pressure - good stuff there. Overall, the scroll feels almost identical to my G403 but this mouse also has the benefit of tilt scroll as well. Tilt scroll is something I rarely use, but it's nice to have the option, requires only light pressure and is very easy to use. The rest of the buttons on the mouse all feel decent, the top ones behind the scroll have a dull click while the five thumb buttons all are quiet and tactile with minimal pressure and travel required. Regarding button placement, it's not too bad, but I do have trouble hitting the two rearmost buttons (M4 and M5) independently. If it were me, I'd have designed M4 and M5 as a single button and added another button below the thumb on the left ""wing"" of the mouse, much like the Cougar 600M. Thankfully, if I fail to get the hang of it over the longer term, I can just disable one of them using the software. Overall, buttons are good.

Sensor: (7 out of 10) I've owned a couple mice before this one that had an Avago-9800 sensor. I could not stand them - they were good mice in many ways and I really wanted to love them, but the sensor ruined everything for me because I couldn't take them into CS:GO - the acceleration was just that bad. My expectations for this mouse were similarly low, but I figured I'd just use it for browsing/word processing and switch to a ""proper"" mouse/sensor like the G403 when I wanted to kill stuff dead. I tested the mouse in a match of CS:GO just to remind myself how inferior the 9800 is compared to the 3366. I had 31 kills to 12 deaths my first match...without warmup...on minimal sleep...with a new mouse. Wut? Next match I went 21-12, landing quality shots all the way. In fact, in the last week, I have yet to have a game with a negative kill/death ratio...I thought it was just luck until I saw that this mouse actually has a Avago 9800+ sensor and claims to NOT have acceleration or angle snapping. Well, huh. The 3366 still feels snappier and less ""floaty"" than this one, but where the 3366 is a 10, this is an 7, which is to say decent enough and apparently improved over the old A-9800 which I would have given a 5 out of 10 score. The fact that this mouse could actually be acceptable for shooters has meant that I don't feel the need to switch mouses when gaming. That means the G403 has been missing from my desk for a week now and that I have a $25 mouse that has supplanted a top of the line mouse that I spent $60 on. I think the G403 is the best mouse I've ever had, but given my work/gaming mix right now, the Tecknet is more practical as the daily driver for the time-being.

Software: (Score: 7 of 10) Easy to download, easy to navigate, tons of features including robust macro options and it does not hog system resources. Unobtrusive tool tray icon that actually doesn't stand out enough. You can control macros, DPI profiles, lighting color and breathing rate as well as set different X and Y sensitivity to name a few. As with many peripheral software packages these days, the software does leave you wanting more. It takes a while to boot up and close down. Saving your settings takes several seconds and provides no feedback other than the swirly icon stopping and leaving you wondering ""did it actually save?"" Managing colors is tedious thanks to the interface and changing colors does not happen until after you hit save, meaning that you have to hit save and wait several seconds and repeat several times over in order to tweak the right color shade. Overall the software is perfectly functional and given that I don't need to spend a whole lot of time in it, I don't weigh these negatives very heavily at all and neither should you.

Lighting: (6 out of 10) Lighting is good (albeit a little awkward in the software) but colors appear just slightly washed out relative to my RGB Logitech mice. Also, the illuminated ""TECKNET"" appearing on the mouse is hardly awe-inspiring. The main reason I'm taking points off here is because the orange thumb button lights cannot be changed from orange. For me this is a non-issue since I use a green/orange theme, but others will be irked.

Overall Design and Closing Thoughts: It's not very flashy or expensive and it does not have a premium gaming sensor. BUT the quality is pretty good. The ergonomics are good. The sensor is passable. The functionality and productivity potential is higher than a typical 6-8 button gaming mouse. While nothing about the mouse is truly groundbreaking, a mouse is more about value and function than form for me. None of the flaws listed above justify taking a star off the Amazon rating in my mind, especially given the price point. This is a very versatile mouse that feels just as at home in CS:GO as it does in Word, Excel or Powerpoint. Assuming it holds up over the long haul, it offers superb bang for the buck and easily merits 5 stars as my general ""do-it all"" mouse until something on it breaks.",Excellent Bang for the Buck! (...Or Pound...or whatever you happen to use to buy things)
